Date,MinTemp,MaxTemp,Rainfall,Evaporation,Sunshine,WindGustSpeed,WindSpeed9am,WindSpeed3pm,Humidity9am,Humidity3pm,Pressure9am,Pressure3pm,Cloud9am,Cloud3pm,Temp9am,Temp3pm,RainToday,Temp
2023-08-02,6.7,18.5,0.0,2.8,10.1,33.0,26.0,17.0,60.0,40.0,1024.0,1021.0,1.0,2.0,10.0,16.1,0,12.6
2023-08-03,7.9,17.5,0.0,2.6,8.9,33.0,19.0,24.0,63.0,44.0,1024.7,1022.5,5.0,1.0,11.0,16.3,0,12.7
2023-08-04,6.2,17.6,0.0,1.8,9.5,30.0,20.0,13.0,68.0,56.0,1024.8,1019.6,1.0,1.0,9.1,16.3,0,11.9
2023-08-05,8.6,20.6,0.0,2.6,10.2,33.0,13.0,20.0,66.0,41.0,1017.7,1012.9,1.0,1.0,11.8,18.8,0,14.600000000000001
2023-08-06,9.8,21.0,0.0,5.0,10.5,30.0,17.0,9.0,52.0,27.0,1014.6,1011.1,1.0,1.0,13.3,20.4,0,15.4
2023-08-07,8.4,17.5,0.0,3.8,8.7,74.0,19.0,28.0,54.0,37.0,1007.9,1004.0,1.0,1.0,11.1,16.2,0,12.95
2023-08-08,9.4,19.8,0.0,4.8,10.5,48.0,28.0,17.0,50.0,23.0,1014.9,1014.7,1.0,1.0,12.3,19.3,0,14.600000000000001
2023-08-09,7.9,20.4,0.0,4.0,10.5,30.0,15.0,19.0,55.0,38.0,1025.1,1023.4,1.0,1.0,11.8,18.0,0,14.149999999999999
2023-08-10,8.2,18.1,0.0,3.0,7.3,30.0,20.0,19.0,63.0,61.0,1030.5,1028.8,3.0,5.0,12.4,17.0,0,13.15
2023-08-11,10.5,19.8,0.0,3.0,9.2,28.0,13.0,15.0,70.0,63.0,1027.4,1021.4,5.0,4.0,14.0,17.4,0,15.15
2023-08-12,9.3,20.5,5.6,2.8,10.4,46.0,13.0,13.0,53.0,29.0,1017.1,1013.3,3.0,1.0,13.4,20.4,1,14.9
2023-08-13,10.9,16.2,0.0,4.4,10.4,39.0,20.0,19.0,40.0,46.0,1020.8,1021.0,1.0,2.0,12.6,14.7,0,13.55
2023-08-14,9.0,17.0,0.0,3.6,6.6,24.0,17.0,13.0,58.0,54.0,1027.2,1025.0,3.0,6.0,12.5,16.4,0,13.0
2023-08-15,8.2,18.9,0.0,2.6,9.8,31.0,11.0,20.0,71.0,59.0,1028.3,1025.0,1.0,1.0,12.1,18.7,0,13.549999999999999
2023-08-16,9.4,21.0,0.0,3.8,9.4,31.0,13.0,15.0,73.0,63.0,1025.8,1021.2,0.0,7.0,13.0,19.8,0,15.2
2023-08-17,12.9,28.3,0.0,4.2,9.4,33.0,19.0,11.0,45.0,32.0,1021.0,1016.2,2.0,5.0,19.8,26.9,0,20.6
2023-08-18,15.4,18.5,2.4,6.4,0.2,22.0,7.0,7.0,85.0,73.0,1021.8,1018.4,7.0,7.0,15.6,17.9,1,16.95
2023-08-19,15.1,17.4,4.2,1.8,0.6,59.0,17.0,9.0,90.0,95.0,1018.4,1015.0,8.0,7.0,16.3,16.4,1,16.25
2023-08-20,12.5,19.9,54.4,5.0,4.4,56.0,22.0,20.0,66.0,53.0,1013.4,1012.8,7.0,7.0,16.1,18.7,1,16.2
2023-08-21,12.3,20.2,5.2,2.8,6.3,28.0,13.0,13.0,80.0,59.0,1018.1,1017.8,7.0,7.0,16.3,18.9,1,16.25
2023-08-22,11.6,20.5,0.0,3.0,4.3,52.0,9.0,17.0,87.0,44.0,1019.7,1015.1,7.0,6.0,15.1,20.1,0,16.05
2023-08-23,10.6,20.8,0.0,2.8,9.2,48.0,22.0,20.0,48.0,43.0,1019.8,1018.9,3.0,5.0,14.6,18.5,0,15.7
2023-08-24,9.0,20.3,0.0,4.2,10.8,30.0,13.0,15.0,60.0,31.0,1022.7,1017.9,1.0,2.0,13.0,20.1,0,14.65
2023-08-25,8.3,18.7,0.0,3.6,10.8,39.0,20.0,22.0,52.0,44.0,1020.3,1017.5,1.0,3.0,12.1,18.1,0,13.5
2023-08-26,9.6,19.7,0.0,4.8,10.9,35.0,15.0,22.0,48.0,39.0,1017.3,1013.8,1.0,2.0,13.9,18.4,0,14.649999999999999
2023-08-27,9.0,19.7,0.0,3.2,10.8,31.0,17.0,13.0,50.0,39.0,1015.8,1013.3,1.0,1.0,12.7,17.0,0,14.35
2023-08-28,8.0,18.8,0.0,4.0,10.4,31.0,11.0,19.0,61.0,46.0,1018.0,1012.0,5.0,1.0,11.9,18.6,0,13.4
2023-08-29,11.2,20.8,2.8,5.6,8.0,52.0,20.0,24.0,69.0,28.0,1006.0,1005.6,3.0,6.0,14.4,20.6,1,16.0
2023-08-30,12.5,19.5,20.4,4.0,5.7,48.0,19.0,20.0,92.0,54.0,1021.5,1020.5,7.0,2.0,13.7,18.3,1,16.0
2023-08-31,11.5,21.7,0.0,2.8,9.3,37.0,17.0,24.0,68.0,53.0,1022.3,1019.6,1.0,5.0,15.2,18.7,0,16.6
2023-09-01,12.7,17.5,0.4,5.4,1.0,24.0,11.0,6.0,84.0,68.0,1024.9,1021.9,7.0,7.0,14.6,16.0,0,15.1
2023-09-02,11.1,24.9,0.2,0.6,9.3,54.0,9.0,15.0,62.0,32.0,1018.3,1013.3,2.0,4.0,17.4,22.7,0,18.0
2023-09-03,10.0,20.0,0.0,6.8,11.0,52.0,30.0,24.0,42.0,32.0,1018.8,1015.7,1.0,2.0,13.3,19.7,0,15.0
2023-09-04,9.8,20.2,0.0,5.0,10.9,41.747501086484135,20.0,17.0,48.0,39.0,1023.1,1022.0,1.0,1.0,15.4,18.9,0,15.0
2023-09-05,11.3,19.6,0.0,4.8,6.5,37.0,13.0,15.0,59.0,41.0,1030.9,1029.8,1.0,7.0,15.5,18.9,0,15.450000000000001
2023-09-06,14.0,21.3,0.0,4.0,9.1,39.0,11.0,24.0,56.0,44.0,1032.1,1027.6,1.0,0.0,17.6,20.5,0,17.65
2023-09-07,10.9,25.4,0.0,7.4,10.4,24.0,11.0,19.0,61.0,51.0,1028.5,1024.7,1.0,5.0,17.2,21.3,0,18.15
2023-09-08,12.4,22.3,0.0,3.8,10.6,30.0,11.0,20.0,61.0,60.0,1028.5,1025.0,1.0,1.0,18.3,21.4,0,17.35
2023-09-09,15.3,23.6,0.0,5.0,10.7,43.0,17.0,24.0,58.0,59.0,1025.9,1020.5,1.0,1.0,20.7,21.4,0,19.450000000000003
2023-09-10,15.8,29.8,0.0,6.4,11.0,41.747501086484135,9.0,35.0,33.0,25.0,1015.4,1009.0,1.0,3.0,23.5,29.2,0,22.8
2023-09-11,12.4,21.1,0.0,10.2,10.2,37.0,19.0,26.0,42.0,60.0,1017.7,1015.0,2.0,3.0,17.2,19.3,0,16.75
2023-09-12,12.2,19.9,0.0,4.2,8.2,43.0,9.0,28.0,53.0,57.0,1018.4,1018.3,3.0,7.0,18.0,17.7,0,16.049999999999997
2023-09-13,13.6,20.0,2.2,6.4,7.7,52.0,20.0,26.0,65.0,44.0,1026.2,1025.5,5.0,2.0,15.8,18.9,1,16.8
2023-09-14,12.5,19.5,10.8,5.4,7.3,33.0,17.0,24.0,88.0,54.0,1026.5,1023.9,7.0,6.0,14.7,18.1,1,16.0
2023-09-15,12.5,18.6,0.4,4.0,3.4,37.0,11.0,13.0,62.0,72.0,1024.5,1021.7,5.0,7.0,16.6,17.4,0,15.55
2023-09-16,12.4,22.5,0.2,1.6,10.4,35.0,15.0,15.0,74.0,60.0,1019.9,1015.2,1.0,2.0,16.3,21.3,0,17.45
2023-09-17,14.6,19.5,0.2,6.2,9.2,59.0,24.0,37.0,36.0,47.0,1016.8,1017.5,3.0,2.0,18.7,17.8,0,17.05
2023-09-18,10.0,16.2,0.2,8.8,6.5,69.0,31.0,35.0,55.0,74.0,1025.5,1025.4,3.0,7.0,13.3,11.7,0,13.1
2023-09-19,8.3,16.3,3.2,4.0,6.1,65.0,22.0,28.0,63.0,62.0,1025.6,1024.6,7.0,7.0,13.0,13.6,1,12.3
2023-09-20,10.1,16.4,31.8,2.8,4.3,54.0,13.0,26.0,91.0,63.0,1029.3,1027.8,7.0,7.0,13.4,15.9,1,13.25
2023-09-21,11.1,20.1,3.4,4.4,7.7,43.0,22.0,24.0,86.0,48.0,1028.5,1025.4,6.0,3.0,14.4,18.4,1,15.600000000000001
2023-09-22,12.3,19.2,3.6,3.8,6.2,46.0,20.0,20.0,70.0,51.0,1023.7,1021.1,7.0,7.0,15.3,18.3,1,15.75
2023-09-23,10.9,20.8,0.2,4.2,11.0,28.0,15.0,17.0,56.0,49.0,1021.1,1017.8,1.0,1.0,17.3,19.1,0,15.850000000000001
2023-09-24,11.9,23.4,0.0,5.8,3.4,50.0,15.0,17.0,58.0,55.0,1019.5,1015.8,0.0,1.0,19.1,21.7,0,17.65
2023-09-25,16.7,21.4,0.0,5.6,6.4,33.0,17.0,20.0,57.0,62.0,1022.1,1021.4,7.0,7.0,21.0,18.7,0,19.049999999999997
2023-09-26,16.8,22.9,0.0,5.6,9.6,33.0,6.0,24.0,68.0,65.0,1026.4,1022.8,4.0,1.0,19.9,21.7,0,19.85
2023-09-27,16.5,23.0,0.0,4.8,10.5,33.0,4.0,24.0,57.0,57.0,1033.4,1031.8,1.0,1.0,21.3,21.1,0,19.75
2023-09-28,14.2,27.5,0.0,7.2,11.1,22.0,13.0,11.0,62.0,47.0,1030.6,1024.7,0.0,1.0,21.5,27.3,0,20.85
2023-09-29,19.8,33.8,0.0,8.0,8.2,46.0,4.0,28.0,28.0,13.0,1023.4,1021.8,7.0,7.0,26.4,32.6,0,26.799999999999997
2023-09-30,16.1,37.0,0.0,11.0,11.4,20.0,11.0,11.0,42.0,16.0,1024.0,1021.1,1.0,7.0,21.1,35.6,0,26.55
2023-10-01,20.3,32.3,0.0,8.6,11.4,43.0,15.0,17.0,37.0,26.0,1023.2,1019.7,1.0,1.0,23.8,30.6,0,26.299999999999997
2023-10-02,19.7,21.5,0.0,13.2,1.3,67.0,39.0,26.0,61.0,56.0,1029.6,1033.6,5.0,7.0,20.3,19.0,0,20.6
2023-10-03,17.0,21.1,0.0,6.6,2.2,35.0,13.0,20.0,53.0,57.0,1038.8,1036.0,7.0,7.0,18.5,19.9,0,19.05
2023-10-04,16.8,22.7,0.0,5.4,8.7,43.0,15.0,24.0,51.0,51.0,1034.4,1029.7,7.0,5.0,20.1,22.0,0,19.75
2023-10-05,15.7,24.3,0.0,6.8,9.5,24.0,2.0,17.0,62.0,60.0,1028.9,1025.8,1.0,4.0,21.2,22.3,0,20.0
2023-10-06,15.0,24.3,0.0,5.6,6.4,41.0,9.0,11.0,77.0,65.0,1022.7,1018.6,6.0,7.0,18.7,21.4,0,19.65
2023-10-07,16.5,29.5,3.6,5.0,9.6,43.0,11.0,19.0,50.0,55.0,1016.7,1012.4,1.0,6.0,22.7,23.4,1,23.0
2023-10-08,17.5,20.4,1.6,7.8,0.8,37.0,20.0,20.0,82.0,77.0,1022.3,1022.3,4.0,8.0,18.3,19.8,1,18.95
2023-10-09,16.9,23.3,3.4,1.4,8.3,37.0,6.0,20.0,75.0,60.0,1026.8,1025.2,7.0,1.0,20.1,22.7,1,20.1
2023-10-10,16.3,24.0,0.0,7.0,12.0,44.0,13.0,30.0,65.0,63.0,1026.2,1022.0,1.0,0.0,21.6,23.1,0,20.15
2023-10-11,17.3,27.5,0.0,6.8,11.9,43.0,6.0,20.0,60.0,52.0,1021.7,1018.7,0.0,1.0,23.3,27.3,0,22.4
2023-10-12,19.1,26.0,0.0,9.8,9.7,31.0,17.0,15.0,66.0,64.0,1023.1,1021.4,1.0,4.0,21.5,23.0,0,22.55
2023-10-13,18.8,23.2,1.4,7.2,3.8,35.0,17.0,15.0,69.0,56.0,1029.2,1027.9,8.0,7.0,19.5,22.1,1,21.0
2023-10-14,19.4,24.6,0.2,4.2,8.2,39.0,11.0,24.0,81.0,54.0,1026.6,1022.4,7.0,4.0,21.8,24.4,0,22.0
2023-10-15,18.7,26.8,0.4,6.8,7.7,35.0,6.0,15.0,60.0,55.0,1020.6,1016.3,2.0,2.0,23.7,26.0,0,22.75
2023-10-16,19.7,27.9,1.0,7.6,3.4,31.0,2.0,9.0,58.0,43.0,1013.8,1011.5,4.0,7.0,24.5,26.3,0,23.799999999999997
2023-10-17,18.6,20.5,8.4,5.0,0.7,61.0,11.0,31.0,89.0,74.0,1011.4,1010.3,7.0,7.0,19.6,20.1,1,19.55
2023-10-18,14.5,21.4,14.8,2.8,3.4,41.0,19.0,17.0,70.0,55.0,1022.1,1021.6,7.0,7.0,16.6,19.4,1,17.95
2023-10-19,12.9,22.3,0.2,4.6,12.0,39.0,13.0,26.0,62.0,54.0,1024.4,1020.9,5.0,1.0,17.8,20.7,0,17.6
2023-10-20,15.2,24.9,0.0,7.4,10.2,43.0,7.0,19.0,62.0,59.0,1022.1,1017.8,2.0,3.0,21.1,22.3,0,20.049999999999997
2023-10-21,17.5,29.4,0.0,7.0,5.2,69.0,9.0,13.0,54.0,53.0,1014.4,1015.1,3.0,7.0,24.6,22.2,0,23.45
2023-10-22,15.5,19.6,7.6,7.8,2.0,54.0,19.0,30.0,65.0,47.0,1025.8,1025.8,8.0,7.0,16.5,19.3,1,17.55
2023-10-23,13.4,21.2,0.4,3.8,8.2,31.0,9.0,20.0,70.0,45.0,1025.3,1022.5,7.0,5.0,16.4,20.6,0,17.3
2023-10-24,15.7,23.0,0.0,5.4,11.4,31.0,7.0,22.0,55.0,40.0,1023.6,1022.1,5.0,1.0,18.2,21.9,0,19.35
2023-10-25,14.1,23.1,0.0,8.0,9.3,39.0,7.0,24.0,59.0,48.0,1023.8,1020.8,1.0,7.0,19.0,21.8,0,18.6
2023-10-26,17.1,24.2,0.0,8.0,5.7,48.0,19.0,28.0,59.0,61.0,1021.8,1018.6,7.0,8.0,22.2,22.5,0,20.65
2023-10-27,17.5,26.8,0.0,7.8,9.0,44.0,15.0,17.0,67.0,59.0,1015.2,1010.6,1.0,3.0,21.9,25.4,0,22.15
2023-10-28,18.2,30.7,26.0,6.6,9.1,46.0,13.0,15.0,75.0,53.0,1011.2,1009.0,5.0,5.0,21.6,26.4,1,24.45
2023-10-29,18.6,20.0,1.4,6.8,0.0,35.0,19.0,17.0,91.0,89.0,1017.0,1016.5,8.0,8.0,19.0,19.2,1,19.3
2023-10-30,17.1,19.6,3.8,1.4,0.0,56.0,24.0,31.0,91.0,83.0,1017.6,1016.3,8.0,8.0,19.5,19.4,1,18.35
2023-10-31,16.0,23.4,13.0,0.0,0.7,50.0,30.0,26.0,94.0,80.0,1014.8,1010.5,8.0,8.0,18.2,20.5,1,19.7
2023-11-01,18.2,28.3,11.6,3.2,5.2,33.0,9.0,13.0,77.0,87.0,1007.7,1006.3,4.0,7.0,23.3,20.5,1,23.25
2023-11-02,18.4,24.6,10.0,5.6,5.3,46.0,9.0,28.0,69.0,69.0,1012.3,1012.3,3.0,7.0,22.5,21.8,1,21.5
2023-11-03,16.2,21.7,0.4,7.2,4.6,46.0,17.0,26.0,67.0,65.0,1020.7,1020.0,7.0,6.0,18.0,20.4,0,18.95
2023-11-04,13.7,23.3,0.0,6.4,12.3,30.0,11.0,17.0,59.0,48.0,1021.3,1017.5,5.0,1.0,19.5,21.8,0,18.5
2023-11-05,15.2,25.6,0.0,6.0,11.3,30.0,2.0,19.0,61.0,45.0,1016.0,1013.5,3.0,7.0,20.6,24.8,0,20.4
2023-11-06,18.9,23.9,0.0,8.6,0.0,31.0,13.0,11.0,82.0,66.0,1020.3,1020.3,7.0,7.0,20.0,22.1,0,21.4
2023-11-07,18.3,25.5,2.4,5.18551301684533,4.2,43.0,17.0,17.0,53.0,69.0,1020.4,1018.0,7.0,8.0,23.5,22.2,1,21.9
2023-11-08,18.0,28.8,0.4,8.4,7.4,48.0,7.0,6.0,63.0,60.0,1013.1,1009.8,1.0,7.0,22.7,23.3,0,23.4
2023-11-09,17.7,20.1,18.2,9.0,0.0,33.0,15.0,19.0,81.0,70.0,1014.4,1013.4,8.0,8.0,18.7,18.9,1,18.9
2023-11-10,14.9,20.9,29.6,2.2,0.8,46.0,24.0,19.0,64.0,70.0,1017.7,1017.4,7.0,7.0,18.2,18.5,1,17.9
2023-11-11,14.3,22.6,5.0,4.4,13.0,31.0,17.0,20.0,56.0,43.0,1020.0,1018.0,5.0,1.0,19.1,21.7,1,18.450000000000003
2023-11-12,14.4,25.1,0.0,8.0,12.6,44.0,6.0,22.0,55.0,46.0,1019.1,1016.0,0.0,2.0,20.2,23.7,0,19.75
2023-11-13,17.4,36.5,0.0,11.0,13.0,57.0,11.0,22.0,45.0,17.0,1013.6,1009.7,5.0,1.0,25.1,35.6,0,26.95
2023-11-14,18.8,31.2,0.0,10.4,12.5,28.0,9.0,17.0,62.0,54.0,1015.0,1011.7,1.0,4.0,23.1,28.6,0,25.0
2023-11-15,21.4,40.9,0.0,8.8,12.4,54.0,2.0,28.0,63.0,13.0,1012.5,1006.3,1.0,1.0,25.2,40.7,0,31.15
2023-11-16,20.3,22.1,0.0,14.6,0.3,54.0,13.0,24.0,65.0,56.0,1015.6,1017.3,7.0,7.0,20.8,20.7,0,21.200000000000003
2023-11-17,19.0,22.4,0.0,6.2,2.7,33.0,17.0,17.0,59.0,58.0,1019.7,1016.7,7.0,8.0,19.8,20.8,0,20.7
2023-11-18,17.1,26.5,0.0,3.8,11.5,52.0,11.0,30.0,60.0,52.0,1011.9,1010.8,1.0,2.0,22.4,25.4,0,21.8
2023-11-19,18.7,25.2,0.0,8.0,11.4,52.0,13.0,28.0,57.0,55.0,1017.4,1014.1,4.0,1.0,23.6,23.0,0,21.95
2023-11-20,17.3,32.7,0.0,9.0,7.18448484848485,50.0,9.0,24.0,62.0,44.0,1013.1,1007.4,1.0,0.0,22.4,28.7,0,25.0
2023-11-21,22.4,37.8,0.0,12.6,9.6,74.0,28.0,35.0,31.0,14.0,999.8,1000.0,1.0,2.0,32.4,36.0,0,30.099999999999998
2023-11-22,16.5,22.6,0.6,14.6,7.1,37.0,4.0,22.0,54.0,60.0,1016.1,1013.8,7.0,4.0,21.1,21.6,0,19.55
2023-11-23,19.1,23.8,0.0,7.4,0.3,37.0,20.0,17.0,69.0,55.0,1016.7,1016.0,8.0,8.0,21.5,22.5,0,21.450000000000003
2023-11-24,19.9,26.0,0.0,6.4,7.1,43.0,17.0,22.0,80.0,65.0,1013.7,1009.7,7.0,2.0,21.1,25.1,0,22.95
2023-11-25,18.2,26.3,0.2,7.4,11.1,48.0,7.0,22.0,65.0,65.0,1012.4,1008.7,4.0,1.0,21.1,23.8,0,22.25
2023-11-26,19.0,33.3,0.0,8.0,10.4,63.0,9.0,31.0,58.0,34.0,1010.3,1006.7,1.0,5.0,26.3,32.0,0,26.15
2023-11-27,19.2,22.8,0.0,14.2,5.3,61.0,22.0,35.0,66.0,59.0,1015.1,1017.0,7.0,7.0,21.0,19.4,0,21.0
2023-11-28,17.1,21.7,0.0,9.2,8.1,31.0,11.0,20.0,52.0,49.0,1027.1,1026.0,7.0,5.0,19.4,20.3,0,19.4
2023-11-29,14.6,23.6,0.0,6.4,9.3,28.0,6.0,19.0,53.0,44.0,1026.3,1024.1,4.0,3.0,20.3,22.8,0,19.1
2023-11-30,15.5,24.9,0.0,8.0,7.18448484848485,39.0,7.0,20.0,56.0,52.0,1022.6,1018.9,1.0,1.0,21.0,24.1,0,20.2
2023-12-01,16.6,25.8,0.0,9.0,12.7,35.0,7.0,24.0,58.0,46.0,1020.5,1017.8,3.0,5.0,23.0,24.9,0,21.200000000000003
2023-12-02,18.8,25.5,0.0,9.2,7.9,39.0,9.0,22.0,61.0,57.0,1021.4,1019.9,7.0,7.0,23.2,24.1,0,22.15
2023-12-03,20.9,25.0,0.0,7.6,0.3,43.0,11.0,17.0,68.0,64.0,1018.6,1015.8,7.0,7.0,22.7,24.4,0,22.95
2023-12-04,21.3,33.3,0.8,4.6,8.6,61.0,7.0,17.0,70.0,58.0,1014.2,1012.1,5.0,3.0,24.6,27.5,0,27.299999999999997
2023-12-05,20.2,25.5,15.2,10.0,6.4,44.0,7.0,19.0,80.0,63.0,1015.9,1011.7,7.0,3.0,21.3,25.0,1,22.85
2023-12-06,21.2,35.3,0.2,6.4,8.8,59.0,17.0,30.0,66.0,13.0,1005.8,1001.1,3.0,7.0,24.4,34.7,0,28.25
2023-12-07,18.4,22.6,0.0,12.2,5.8,39.0,15.0,28.0,57.0,50.0,1014.7,1015.1,3.0,4.0,20.8,21.4,0,20.5
2023-12-08,18.2,24.4,0.0,7.6,6.5,48.0,19.0,30.0,58.0,56.0,1019.3,1016.1,5.0,7.0,21.4,23.2,0,21.299999999999997
2023-12-09,18.3,29.6,0.0,8.0,13.1,28.0,9.0,19.0,63.0,59.0,1015.4,1013.4,3.0,3.0,23.4,25.5,0,23.950000000000003
2023-12-10,20.6,26.9,0.0,10.0,5.7,43.0,11.0,22.0,72.0,65.0,1015.3,1012.5,6.0,8.0,23.1,25.0,0,23.75
2023-12-11,21.1,23.4,0.6,5.4,1.8,80.0,22.0,13.0,87.0,82.0,1014.8,1016.7,7.0,8.0,22.9,18.2,0,22.25
2023-12-12,16.6,26.1,9.8,5.18551301684533,12.0,37.0,9.0,24.0,70.0,60.0,1018.5,1016.9,4.0,1.0,21.6,24.6,1,21.35
2023-12-13,19.0,27.5,0.0,13.6,12.3,46.0,15.0,30.0,58.0,53.0,1016.8,1014.0,0.0,1.0,24.5,27.1,0,23.25
2023-12-14,20.3,29.0,0.0,9.4,13.2,52.0,9.0,20.0,59.0,53.0,1014.6,1012.8,1.0,1.0,26.3,27.5,0,24.65
2023-12-15,19.9,30.3,0.0,13.0,7.18448484848485,56.0,11.0,31.0,61.0,52.0,1013.4,1008.7,1.0,1.0,24.6,28.5,0,25.1
2023-12-16,23.6,29.1,0.0,14.0,3.6,50.0,7.0,22.0,56.0,79.0,1014.8,1017.2,6.0,8.0,27.1,21.5,0,26.35
2023-12-17,17.7,21.8,29.8,4.4,0.0,44.0,19.0,2.0,89.0,90.0,1023.2,1021.5,8.0,8.0,17.8,17.7,1,19.75
2023-12-18,17.3,23.0,34.0,3.6,4.5,31.0,13.0,22.0,65.0,59.0,1019.4,1017.7,7.0,7.0,21.8,22.0,1,20.15
2023-12-19,16.9,24.6,1.0,5.0,9.5,37.0,20.0,20.0,60.0,52.0,1019.9,1018.7,4.0,2.0,21.6,23.9,0,20.75
2023-12-20,17.5,25.2,0.0,7.0,9.6,35.0,4.0,20.0,55.0,48.0,1018.7,1015.4,5.0,4.0,21.8,24.5,0,21.35
2023-12-21,18.8,26.1,0.6,7.4,6.1,39.0,17.0,17.0,74.0,77.0,1009.7,1006.0,5.0,7.0,22.7,23.4,0,22.450000000000003
2023-12-22,17.1,23.0,1.8,8.8,5.7,59.0,22.0,28.0,74.0,47.0,1016.7,1018.4,8.0,1.0,17.1,22.3,1,20.05
2023-12-23,15.3,22.6,2.6,5.8,4.8,44.0,20.0,24.0,78.0,50.0,1023.7,1023.0,7.0,7.0,16.7,21.6,1,18.950000000000003
2023-12-24,15.4,24.9,0.2,7.4,12.5,35.0,20.0,22.0,51.0,38.0,1022.4,1020.7,6.0,1.0,21.2,24.1,0,20.15
2023-12-25,15.0,25.6,0.0,7.4,13.1,26.0,6.0,19.0,60.0,50.0,1019.9,1018.7,0.0,1.0,20.2,23.7,0,20.3
2023-12-26,17.4,26.7,0.0,8.0,12.7,41.747501086484135,9.0,24.0,62.0,52.0,1019.4,1016.8,1.0,5.0,21.3,24.2,0,22.049999999999997
2023-12-27,17.9,25.6,0.0,11.0,12.3,35.0,2.0,28.0,57.0,52.0,1016.4,1013.7,6.0,4.0,22.9,24.2,0,21.75
2023-12-28,18.0,25.4,0.0,6.8,3.3,28.0,0.0,19.0,60.0,51.0,1013.4,1012.3,7.0,7.0,22.3,23.5,0,21.7
2023-12-29,20.2,24.6,0.0,8.0,0.0,44.0,20.0,22.0,63.0,84.0,1015.2,1014.7,8.0,8.0,22.2,19.9,0,22.4
2023-12-30,18.6,23.6,15.0,6.4,0.7,46.0,6.0,7.0,86.0,89.0,1016.8,1016.3,8.0,8.0,18.8,19.1,1,21.1
2023-12-31,17.8,20.3,34.2,0.0,0.0,54.0,26.0,26.0,87.0,87.0,1016.5,1014.6,8.0,8.0,19.1,19.5,1,19.05
2024-01-01,17.4,18.6,51.4,8.0,0.0,48.0,19.0,20.0,92.0,91.0,1012.3,1011.6,8.0,8.0,18.2,17.9,1,18.0
2024-01-02,16.5,24.4,41.4,2.0,7.6,41.747501086484135,22.0,24.0,91.0,66.0,1014.0,1015.8,7.0,7.0,18.1,21.0,1,20.45
2024-01-03,15.5,25.4,0.4,6.6,12.1,41.747501086484135,4.0,19.0,58.0,53.0,1020.1,1019.0,4.1679389312977095,1.0,20.6,24.1,0,20.45
2024-01-04,18.5,25.5,0.0,7.0,8.6,31.0,2.0,22.0,71.0,52.0,1021.9,1018.8,5.0,6.0,21.2,24.5,0,22.0
2024-01-05,18.5,27.1,0.0,8.0,12.2,41.0,9.0,26.0,67.0,53.0,1020.4,1017.5,3.0,1.0,22.9,26.2,0,22.8
2024-01-06,20.5,31.6,0.0,9.0,12.1,28.0,7.0,15.0,69.0,52.0,1013.3,1009.1,1.0,1.0,24.5,31.1,0,26.05
2024-01-07,23.5,34.0,0.0,10.6,4.4,52.0,2.0,24.0,56.0,70.0,1010.4,1012.1,6.0,7.0,26.5,25.9,0,28.75
2024-01-08,21.3,31.0,0.0,6.0,11.0,37.0,4.0,28.0,69.0,59.0,1019.7,1016.2,3.0,1.0,23.2,26.7,0,26.15
2024-01-09,22.7,39.2,0.0,8.4,7.18448484848485,74.0,6.0,15.0,50.0,43.0,1011.7,1008.1,1.0,7.0,30.8,32.4,0,30.950000000000003
2024-01-10,14.3,21.7,34.0,12.2,2.7,54.0,19.0,22.0,92.0,71.0,1024.4,1024.0,8.0,7.0,14.5,19.4,1,18.0
2024-01-11,14.3,23.8,5.4,6.0,7.2,43.0,20.0,20.0,66.0,45.0,1026.9,1026.1,7.0,5.0,19.7,22.8,1,19.05
2024-01-12,16.0,26.1,0.0,5.6,11.8,33.0,13.0,22.0,71.0,49.0,1025.1,1022.6,6.0,4.0,20.4,25.1,0,21.05
2024-01-13,16.7,27.0,0.0,7.0,13.5,35.0,6.0,20.0,64.0,55.0,1020.6,1017.7,2.0,2.0,22.1,25.1,0,21.85
2024-01-14,19.2,30.2,0.0,8.0,13.0,41.0,6.0,13.0,60.0,54.0,1017.4,1013.3,3.0,3.0,24.2,29.2,0,24.7
2024-01-15,21.9,37.5,0.0,11.8,10.0,39.0,4.0,9.0,39.0,39.0,1012.6,1009.8,1.0,6.0,27.9,32.1,0,29.7
2024-01-16,23.6,33.5,0.0,11.6,6.9,61.0,4.0,20.0,66.0,48.0,1010.5,1007.4,5.0,4.0,26.2,32.3,0,28.55
2024-01-17,22.8,29.2,30.6,10.4,1.4,30.0,7.0,13.0,85.0,76.0,1011.0,1006.4,7.0,7.0,24.9,25.7,1,26.0
2024-01-18,22.3,26.0,13.0,3.4,9.5,41.747501086484135,17.0,33.0,60.0,59.0,1006.7,1008.6,3.0,6.0,25.6,25.5,1,24.15
2024-01-19,20.8,25.0,0.0,6.6,0.6,31.0,11.0,15.0,73.0,62.0,1013.4,1012.1,8.0,7.0,21.9,24.1,0,22.9
2024-01-20,21.6,25.2,0.0,4.6,0.0,41.747501086484135,13.0,13.0,73.0,64.0,1014.5,1013.3,8.0,8.0,23.2,24.7,0,23.4
2024-01-21,21.6,27.8,0.0,2.4,8.7,41.747501086484135,11.0,19.0,73.0,54.0,1017.7,1017.3,8.0,4.0,22.9,26.4,0,24.700000000000003
2024-01-22,20.8,24.9,2.2,9.8,0.5,48.0,17.0,15.0,66.0,63.0,1016.2,1014.0,6.0,8.0,24.0,24.3,1,22.85
2024-01-23,21.4,27.6,0.4,5.6,6.7,39.0,17.0,15.0,74.0,64.0,1008.2,1004.7,7.0,7.0,23.5,27.2,0,24.5
2024-01-24,22.4,28.1,0.0,5.0,8.2,65.0,11.0,6.0,72.0,86.0,1003.3,1001.9,3.0,7.0,26.3,23.2,0,25.25
2024-01-25,19.5,28.7,9.0,3.0,3.0,70.0,17.0,17.0,84.0,62.0,1004.9,1002.7,8.0,7.0,22.4,28.1,1,24.1
2024-01-26,19.7,31.1,12.8,5.8,10.0,48.0,15.0,26.0,83.0,26.0,1004.4,1003.3,1.0,5.0,22.6,31.0,1,25.4
2024-01-27,21.8,26.5,0.2,8.0,7.4,43.0,2.0,15.0,42.0,52.0,1004.2,1001.1,5.0,4.0,26.0,25.5,0,24.15
2024-01-28,17.0,27.9,2.0,5.0,12.9,33.0,17.0,24.0,62.0,45.0,1006.3,1004.0,2.0,3.0,20.9,26.6,1,22.45
2024-01-29,19.3,28.3,0.0,7.6,10.7,43.0,4.0,26.0,67.0,59.0,1003.6,1002.2,5.0,4.0,23.4,27.7,0,23.8
2024-01-30,19.1,24.8,10.8,7.6,0.8,59.0,24.0,33.0,87.0,55.0,1012.0,1012.8,8.0,7.0,19.7,23.5,1,21.950000000000003
2024-01-31,19.6,26.1,3.6,9.6,6.8,56.0,31.0,39.0,59.0,56.0,1017.4,1017.6,6.0,5.0,22.0,23.9,1,22.85
2024-02-01,19.9,27.0,1.8,8.8,8.1,37.0,20.0,20.0,75.0,49.0,1018.0,1016.9,7.0,3.0,22.8,26.4,1,23.45
2024-02-02,19.1,27.4,0.0,7.2,10.1,30.0,9.0,17.0,76.0,54.0,1018.0,1016.6,5.0,3.0,22.5,25.7,0,23.25
2024-02-03,19.0,28.0,0.0,4.6,12.6,24.0,11.0,17.0,68.0,54.0,1019.1,1017.9,2.0,1.0,23.0,27.0,0,23.5
2024-02-04,21.0,27.7,0.0,9.8,10.3,39.0,26.0,19.0,70.0,47.0,1020.7,1019.6,6.0,1.0,25.0,27.3,0,24.35
2024-02-05,19.6,28.5,0.2,7.6,12.7,43.0,11.0,22.0,68.0,46.0,1016.7,1012.9,2.0,1.0,23.2,27.6,0,24.05
2024-02-06,20.7,28.4,0.0,10.4,9.6,26.0,6.0,20.0,65.0,58.0,1015.8,1014.2,3.0,7.0,24.6,26.7,0,24.549999999999997
2024-02-07,21.5,28.8,0.0,6.4,12.0,33.0,7.0,22.0,63.0,58.0,1017.0,1015.1,2.0,1.0,25.4,27.5,0,25.15
2024-02-08,20.7,28.9,0.0,8.8,12.1,46.0,9.0,24.0,60.0,54.0,1014.6,1011.5,1.0,1.0,25.3,27.7,0,24.799999999999997
2024-02-09,21.1,32.5,0.0,9.6,10.4,48.0,2.0,4.0,58.0,53.0,1008.4,1005.3,1.0,5.0,26.2,31.5,0,26.8
2024-02-10,22.3,29.3,0.0,8.0,6.9,31.0,15.0,20.0,75.0,62.0,1011.8,1007.7,7.0,3.0,24.1,27.4,0,25.8
2024-02-11,21.5,27.9,0.0,7.0,10.8,48.0,17.0,31.0,36.0,51.0,1009.1,1008.8,1.0,2.0,25.3,25.6,0,24.7
2024-02-12,19.5,26.0,0.0,8.8,10.4,39.0,22.0,22.0,57.0,34.0,1011.4,1008.4,3.0,1.0,20.5,25.5,0,22.75
2024-02-13,18.3,26.4,0.0,8.0,11.7,30.0,11.0,19.0,59.0,47.0,1009.8,1008.7,3.0,1.0,22.9,26.1,0,22.35
2024-02-14,20.5,29.4,0.0,8.0,11.1,35.0,9.0,20.0,70.0,60.0,1012.4,1009.8,4.0,1.0,23.7,28.6,0,24.95
2024-02-15,23.1,29.3,0.0,9.4,5.9,52.0,24.0,26.0,75.0,52.0,1017.7,1018.2,7.0,5.0,24.6,28.8,0,26.200000000000003
2024-02-16,21.4,27.0,6.0,8.2,4.8,37.0,9.0,13.0,89.0,67.0,1025.4,1024.6,6.0,4.0,21.9,26.6,1,24.2
2024-02-17,20.8,28.8,1.2,3.8,11.6,39.0,11.0,24.0,71.0,59.0,1025.4,1022.0,1.0,6.0,24.3,28.0,1,24.8
2024-02-18,21.8,29.7,0.0,9.4,12.4,43.0,9.0,22.0,62.0,51.0,1021.3,1017.7,1.0,1.0,25.4,28.2,0,25.75
2024-02-19,20.9,29.5,0.0,11.0,12.3,46.0,11.0,26.0,60.0,58.0,1016.1,1012.9,0.0,1.0,26.1,28.4,0,25.2
2024-02-20,21.9,32.8,0.0,8.4,12.2,44.0,7.0,17.0,62.0,45.0,1012.4,1009.3,0.0,0.0,26.1,32.2,0,27.349999999999998
2024-02-21,23.2,27.8,0.0,12.2,5.2,63.0,28.0,22.0,67.0,60.0,1014.9,1015.5,1.0,7.0,25.4,26.7,0,25.5
2024-02-22,22.5,27.5,0.0,6.0,10.0,33.0,17.0,22.0,60.0,55.0,1019.3,1019.0,7.0,5.0,26.0,25.2,0,25.0
2024-02-23,20.7,28.1,0.0,8.0,10.1,28.0,11.0,17.0,62.0,53.0,1018.8,1017.2,1.0,1.0,23.7,26.3,0,24.4
2024-02-24,20.5,27.7,0.0,11.2,5.7,31.0,9.0,20.0,73.0,60.0,1021.2,1020.4,7.0,5.0,23.0,27.5,0,24.1
2024-02-25,21.3,28.2,0.0,4.2,7.7,33.0,4.0,26.0,72.0,47.0,1022.0,1019.9,4.0,1.0,23.6,27.6,0,24.75
2024-02-26,20.3,28.8,0.0,7.8,10.7,50.0,13.0,30.0,59.0,52.0,1021.1,1018.9,7.0,7.0,25.1,28.1,0,24.55
2024-02-27,22.2,28.7,0.0,8.2,10.2,46.0,4.0,26.0,71.0,58.0,1021.3,1019.4,3.0,4.0,25.2,28.4,0,25.45
2024-02-28,22.8,28.3,0.0,9.6,10.1,39.0,20.0,24.0,70.0,53.0,1022.0,1020.1,7.0,2.0,24.9,26.9,0,25.55
2024-02-29,20.6,27.6,0.0,9.2,10.6,41.0,11.0,24.0,64.0,55.0,1021.7,1019.4,1.0,1.0,24.6,27.2,0,24.1
2024-03-01,20.8,27.9,0.0,9.8,10.5,46.0,4.0,20.0,64.0,59.0,1022.9,1021.2,2.0,1.0,24.9,26.3,0,24.35
2024-03-02,21.0,28.3,0.0,8.0,11.8,44.0,7.0,26.0,71.0,57.0,1021.6,1018.8,2.0,1.0,24.5,26.8,0,24.65
2024-03-03,22.4,28.1,0.0,8.8,10.8,33.0,7.0,20.0,61.0,57.0,1023.4,1022.6,1.0,3.0,26.2,27.0,0,25.25
2024-03-04,22.9,29.3,0.0,9.2,10.1,43.0,13.0,24.0,71.0,55.0,1021.6,1017.9,4.0,4.0,24.8,29.1,0,26.1
2024-03-05,22.0,30.6,0.0,8.0,6.5,31.0,2.0,24.0,84.0,59.0,1019.7,1018.9,7.0,7.0,24.0,28.5,0,26.3
2024-03-06,22.8,27.8,0.0,5.8,2.3,37.0,6.0,19.0,79.0,66.0,1020.1,1017.9,8.0,7.0,23.8,26.8,0,25.3
2024-03-07,21.8,28.7,0.0,4.6,10.7,43.0,9.0,24.0,73.0,60.0,1019.6,1018.0,1.0,2.0,24.6,27.6,0,25.25
2024-03-08,22.6,27.7,0.0,9.0,7.7,30.0,11.0,20.0,63.0,63.0,1020.5,1017.9,4.0,7.0,25.8,26.2,0,25.15
2024-03-09,21.8,30.7,0.0,7.2,4.9,41.0,9.0,20.0,84.0,54.0,1016.3,1014.3,7.0,6.0,22.9,29.9,0,26.25
2024-03-10,19.9,25.6,16.8,7.0,4.5,44.0,11.0,26.0,89.0,66.0,1019.5,1018.6,7.0,6.0,20.2,24.3,1,22.75
2024-03-11,19.7,26.2,23.0,6.0,7.6,39.0,9.0,20.0,88.0,58.0,1019.7,1018.0,8.0,4.0,20.7,25.4,1,22.95
2024-03-12,19.0,26.1,13.6,5.2,7.5,41.747501086484135,4.0,15.0,92.0,59.0,1017.0,1012.9,7.0,4.0,19.6,25.5,1,22.55
2024-03-13,19.6,28.2,3.4,5.6,4.4,52.0,11.0,13.0,71.0,67.0,1003.6,997.6,7.0,7.0,23.4,26.4,1,23.9
2024-03-14,16.2,24.4,4.8,5.4,11.0,44.0,20.0,22.0,43.0,36.0,1010.9,1011.2,1.0,1.0,18.4,23.8,1,20.299999999999997
2024-03-15,17.4,22.0,0.2,7.8,3.4,52.0,15.0,20.0,63.0,81.0,1017.5,1016.8,7.0,8.0,18.6,18.1,0,19.7
2024-03-16,15.4,21.2,61.2,5.8,2.7,43.0,19.0,24.0,91.0,65.0,1018.8,1016.5,8.0,7.0,15.6,20.7,1,18.3
2024-03-17,14.3,23.8,25.4,2.8,6.9,50.0,20.0,19.0,74.0,63.0,1017.5,1015.5,3.0,7.0,17.1,21.5,1,19.05
2024-03-18,14.9,25.3,1.6,4.2,9.5,33.0,20.0,15.0,66.0,51.0,1018.2,1016.9,1.0,3.0,18.3,23.9,1,20.1
2024-03-19,16.5,27.4,0.0,5.2,9.3,31.0,11.0,24.0,73.0,51.0,1020.7,1019.0,6.0,3.0,19.4,25.8,0,21.95
2024-03-20,19.3,25.2,0.0,6.8,0.3,24.0,11.0,9.0,78.0,62.0,1018.9,1016.3,7.0,7.0,20.4,22.9,0,22.25
2024-03-21,17.1,26.0,0.0,3.0,10.2,28.0,17.0,17.0,71.0,59.0,1018.6,1016.0,2.0,2.0,20.0,24.5,0,21.55
2024-03-22,19.3,24.2,0.2,4.0,5.7,41.0,9.0,20.0,83.0,63.0,1018.2,1017.0,5.0,6.0,22.2,23.0,0,21.75
2024-03-23,19.4,26.0,34.8,5.8,4.1,26.0,15.0,20.0,88.0,64.0,1018.7,1015.7,6.0,6.0,20.6,26.0,1,22.7
2024-03-24,20.6,23.3,0.0,4.0,0.0,37.0,13.0,19.0,84.0,84.0,1017.5,1016.0,7.0,8.0,21.2,21.1,0,21.950000000000003
2024-03-25,19.0,28.7,7.0,1.4,7.5,30.0,17.0,7.0,81.0,31.0,1015.0,1012.0,1.0,6.0,20.5,26.8,1,23.85
2024-03-26,16.5,25.6,1.2,6.8,10.6,39.0,20.0,20.0,51.0,42.0,1017.1,1016.2,1.0,2.0,19.9,24.7,1,21.05
2024-03-27,16.6,25.6,0.0,5.4,10.2,37.0,15.0,28.0,69.0,58.0,1019.1,1015.1,3.0,1.0,20.2,24.9,0,21.1
2024-03-28,18.3,31.2,0.0,6.8,10.3,35.0,19.0,9.0,63.0,19.0,1016.4,1014.6,7.0,3.0,19.9,29.7,0,24.75
2024-03-29,19.5,25.2,0.0,6.8,6.7,35.0,17.0,19.0,74.0,64.0,1024.6,1022.1,6.0,2.0,21.2,23.3,0,22.35
2024-03-30,18.7,23.5,94.4,3.4,0.8,33.0,6.0,17.0,91.0,71.0,1023.2,1019.6,8.0,7.0,19.5,23.3,1,21.1
2024-03-31,18.6,26.2,6.4,3.0,10.4,41.747501086484135,9.0,24.0,64.0,58.0,1020.1,1015.2,1.0,3.0,23.5,25.6,1,22.4
2024-04-01,19.9,34.2,0.0,6.8,10.6,43.0,7.0,26.0,54.0,46.0,1015.9,1011.6,1.0,1.0,25.0,29.3,0,27.05
2024-04-02,19.9,20.5,0.2,8.4,0.0,43.0,26.0,19.0,59.0,54.0,1023.2,1022.3,8.0,7.0,20.1,19.9,0,20.2
2024-04-03,17.7,20.6,0.0,4.0,0.0,31.0,13.0,2.0,71.0,70.0,1023.5,1021.2,8.0,8.0,18.8,20.5,0,19.15
2024-04-04,16.0,25.0,0.4,1.2,9.5,26.0,17.0,15.0,65.0,57.0,1022.0,1018.8,2.0,7.0,19.3,24.0,0,20.5
2024-04-05,16.1,27.3,0.0,3.8,9.6,41.747501086484135,19.0,19.0,70.0,51.0,1019.8,1015.5,5.0,3.0,19.3,23.7,0,21.700000000000003
2024-04-06,16.1,26.5,0.0,6.4,9.4,31.0,15.0,19.0,51.0,46.0,1017.5,1016.4,3.0,6.0,19.6,24.1,0,21.3
2024-04-07,17.4,22.9,8.2,5.6,5.7,35.0,7.0,22.0,85.0,68.0,1023.1,1021.8,7.0,5.0,18.3,20.5,1,20.15
2024-04-08,15.5,24.2,0.6,4.2,8.3,28.0,11.0,19.0,72.0,57.0,1027.4,1026.3,6.0,2.0,19.7,22.5,0,19.85
2024-04-09,15.7,22.9,0.6,3.4,2.4,33.0,6.0,15.0,88.0,62.0,1030.2,1027.5,7.0,7.0,18.6,22.3,0,19.299999999999997
2024-04-10,16.5,24.6,1.0,3.4,9.9,33.0,2.0,19.0,66.0,51.0,1026.4,1021.8,6.0,5.0,21.3,24.2,0,20.55
2024-04-11,16.6,25.5,0.0,5.0,9.3,28.0,7.0,11.0,69.0,49.0,1021.2,1017.8,6.0,7.0,19.8,24.7,0,21.05
2024-04-12,19.1,23.2,0.0,4.6,3.2,43.0,15.0,17.0,73.0,77.0,1022.1,1020.4,7.0,7.0,20.1,20.5,0,21.15
2024-04-13,15.1,24.2,2.0,3.0,7.6,37.0,17.0,17.0,75.0,68.0,1021.8,1019.2,6.0,7.0,18.9,21.2,1,19.65
2024-04-14,16.9,23.9,15.0,5.0,6.9,24.0,13.0,17.0,83.0,68.0,1021.7,1020.1,3.0,7.0,19.5,22.2,1,20.4
2024-04-15,16.7,25.5,15.8,3.4,10.3,22.0,15.0,13.0,82.0,66.0,1024.6,1022.0,3.0,2.0,19.3,23.2,1,21.1
2024-04-16,17.3,24.5,0.0,3.4,10.5,30.0,9.0,13.0,79.0,69.0,1023.1,1019.1,2.0,5.0,20.2,24.1,0,20.9
2024-04-17,17.1,25.9,0.0,4.0,7.1,44.0,13.0,24.0,70.0,69.0,1020.1,1019.1,1.0,7.0,20.2,21.8,0,21.5
2024-04-18,16.2,20.2,6.6,3.4,1.3,52.0,22.0,17.0,83.0,85.0,1024.2,1024.5,7.0,6.0,16.8,16.5,1,18.2
2024-04-19,15.3,23.1,3.8,2.6,9.9,43.0,22.0,20.0,61.0,49.0,1029.8,1029.3,5.0,3.0,20.1,21.5,1,19.200000000000003
2024-04-20,13.1,22.8,0.0,4.8,10.4,20.0,13.0,15.0,76.0,53.0,1032.0,1029.4,1.0,1.0,16.3,21.7,0,17.95
2024-04-21,14.2,23.7,0.0,2.8,9.6,22.0,13.0,13.0,75.0,56.0,1030.9,1027.6,3.0,3.0,17.2,22.2,0,18.95
2024-04-22,15.3,23.7,0.0,2.8,10.7,35.0,15.0,19.0,78.0,54.0,1028.1,1023.7,1.0,2.0,17.8,23.0,0,19.5
2024-04-23,15.7,25.1,0.0,5.2,7.7,24.0,11.0,20.0,84.0,61.0,1024.9,1021.5,7.0,1.0,18.4,23.7,0,20.4
2024-04-24,16.0,24.2,0.0,4.8,4.6,26.0,13.0,11.0,75.0,65.0,1022.8,1018.5,4.0,8.0,18.8,23.3,0,20.1
2024-04-25,18.8,26.5,0.0,3.4,4.5,33.0,4.0,9.0,74.0,54.0,1018.7,1015.6,8.0,6.0,20.5,26.0,0,22.65
2024-04-26,18.1,26.1,2.8,3.4,4.7,44.0,19.0,20.0,86.0,55.0,1013.6,1009.6,7.0,5.0,19.4,25.4,1,22.1
2024-04-27,13.9,21.3,0.0,4.8,6.1,41.747501086484135,7.0,9.0,56.0,60.0,1017.3,1012.2,0.0,7.0,16.3,21.2,0,17.6
2024-04-28,12.8,26.4,0.0,3.4,10.4,33.0,11.0,20.0,61.0,27.0,1012.6,1006.4,1.0,0.0,16.0,25.8,0,19.6
2024-04-29,16.0,26.2,0.0,8.0,10.2,26.0,17.0,15.0,49.0,41.0,1015.2,1014.2,1.0,2.0,19.1,23.1,0,21.1
2024-04-30,13.5,22.4,0.0,4.0,10.1,28.0,13.0,20.0,55.0,54.0,1020.7,1016.9,1.0,1.0,16.2,21.3,0,17.95
2024-05-01,14.0,26.7,0.0,3.4,9.9,41.747501086484135,19.0,13.0,69.0,42.0,1019.6,1017.2,4.0,1.0,16.4,23.2,0,20.35
2024-05-02,12.4,22.9,0.0,5.6,8.7,24.0,13.0,13.0,75.0,60.0,1021.3,1018.4,0.0,6.0,15.4,21.6,0,17.65
2024-05-03,15.3,20.8,0.0,1.4,0.0,22.0,11.0,9.0,86.0,74.0,1018.5,1013.8,7.0,7.0,18.2,20.5,0,18.05
2024-05-04,18.0,22.2,1.6,1.0,0.0,43.0,11.0,17.0,76.0,72.0,1008.8,1003.7,7.0,7.0,20.1,21.8,1,20.1
2024-05-05,17.3,24.6,0.0,4.4,9.7,72.0,20.0,35.0,51.0,35.0,1006.5,1004.3,1.0,1.0,19.8,23.8,0,20.950000000000003
2024-05-06,12.6,23.1,0.0,8.0,7.5,43.0,9.0,17.0,51.0,21.0,1015.5,1012.2,1.0,6.0,15.3,21.3,0,17.85
2024-05-07,13.7,24.5,0.0,6.0,9.1,46.0,15.0,22.0,52.0,35.0,1014.7,1013.9,2.0,6.0,17.5,23.3,0,19.1
2024-05-08,13.9,25.9,0.0,4.0,10.0,30.0,13.0,11.0,60.0,32.0,1021.8,1019.6,1.0,1.0,17.3,25.6,0,19.9
2024-05-09,12.4,26.6,0.0,7.2,10.2,28.0,19.0,15.0,62.0,50.0,1023.7,1019.9,0.0,0.0,14.7,22.3,0,19.5
2024-05-10,13.2,24.4,0.0,2.2,5.2,30.0,20.0,9.0,42.0,41.0,1017.4,1013.7,6.0,5.0,17.8,22.4,0,18.799999999999997
2024-05-11,13.6,22.9,0.0,3.2,9.1,28.0,17.0,15.0,66.0,59.0,1021.4,1017.7,1.0,1.0,16.4,22.4,0,18.25
2024-05-12,16.3,28.2,0.0,4.8,8.9,31.0,7.0,15.0,55.0,26.0,1017.0,1014.3,2.0,1.0,18.3,27.7,0,22.25
2024-05-13,12.7,21.9,0.0,6.6,3.0,39.0,17.0,11.0,49.0,34.0,1018.8,1015.2,7.0,7.0,14.6,21.4,0,17.299999999999997
2024-05-14,11.9,23.2,0.0,4.0,9.9,37.0,9.0,17.0,54.0,29.0,1017.9,1013.4,0.0,1.0,14.5,23.0,0,17.55
2024-05-15,12.8,24.9,0.0,4.0,9.2,41.747501086484135,19.0,17.0,53.0,51.0,1020.3,1019.3,0.0,1.0,17.3,22.2,0,18.85
2024-05-16,13.6,21.5,0.0,3.4,4.4,24.0,13.0,9.0,72.0,56.0,1027.3,1024.0,6.0,7.0,15.5,20.8,0,17.55
2024-05-17,14.5,22.0,0.0,2.0,9.1,24.0,13.0,9.0,82.0,66.0,1024.4,1020.2,1.0,4.0,16.0,21.8,0,18.25
2024-05-18,15.2,26.8,0.0,4.0,9.2,61.0,9.0,22.0,53.0,32.0,1013.9,1012.4,3.0,1.0,21.5,23.8,0,21.0
2024-05-19,12.1,22.3,0.0,7.6,9.9,44.0,17.0,19.0,50.0,21.0,1018.1,1013.6,1.0,2.0,14.1,20.8,0,17.2
2024-05-20,10.4,21.2,0.0,3.2,8.7,33.0,22.0,6.0,54.0,29.0,1017.8,1013.5,4.0,7.0,12.9,20.8,0,15.8
2024-05-21,12.9,20.2,0.2,4.6,4.8,48.0,22.0,24.0,52.0,48.0,1006.9,1000.4,7.0,2.0,15.0,19.9,0,16.55
2024-05-22,12.8,18.6,0.2,4.0,9.9,61.0,17.0,37.0,42.0,27.0,1003.5,1001.7,1.0,1.0,14.0,17.9,0,15.700000000000001
2024-05-23,9.8,14.8,0.0,5.6,2.1,39.0,9.0,13.0,63.0,70.0,1007.2,1006.0,6.0,6.0,12.9,14.3,0,12.3
2024-05-24,9.2,19.3,2.2,1.6,9.8,37.0,17.0,15.0,59.0,29.0,1017.2,1016.5,1.0,1.0,11.0,18.7,1,14.25
2024-05-25,7.3,19.9,0.2,2.6,9.5,39.0,24.0,9.0,62.0,30.0,1025.5,1024.1,1.0,1.0,9.5,19.1,0,13.6
2024-05-26,8.7,17.5,0.0,2.2,1.7,35.0,17.0,6.0,76.0,87.0,1029.6,1027.2,7.0,7.0,11.0,15.8,0,13.1
2024-05-27,10.9,17.9,29.4,0.6,1.4,24.0,15.0,7.0,89.0,74.0,1029.1,1026.6,7.0,7.0,13.1,16.0,1,14.399999999999999
2024-05-28,11.1,19.1,1.0,2.4,8.7,41.747501086484135,19.0,15.0,85.0,60.0,1027.0,1024.3,2.0,7.0,12.3,18.6,0,15.100000000000001
2024-05-29,11.7,18.3,0.2,2.4,1.3,28.0,11.0,11.0,78.0,73.0,1025.4,1021.6,7.0,7.0,13.3,18.3,0,15.0
2024-05-30,13.3,21.1,64.4,5.18551301684533,0.0,89.0,13.0,30.0,91.0,82.0,1015.4,1009.5,8.0,8.0,17.0,18.8,1,17.200000000000003
2024-05-31,16.3,19.7,93.8,5.18551301684533,0.0,96.0,31.0,57.0,89.0,85.0,1002.5,995.9,8.0,8.0,18.8,19.7,1,18.0
2024-06-01,13.7,18.4,68.4,12.6,2.2,59.0,28.0,28.0,59.0,43.0,999.8,998.4,7.0,7.0,14.9,17.9,1,16.049999999999997
2024-06-02,11.3,19.9,0.0,5.2,3.6,44.0,20.0,20.0,59.0,40.0,1004.1,1002.7,4.0,7.0,13.8,17.9,0,15.6
2024-06-03,10.9,20.7,0.0,1.8,9.3,31.0,15.0,15.0,65.0,40.0,1011.4,1009.2,1.0,1.0,13.8,20.2,0,15.8
2024-06-04,13.8,22.0,0.2,4.8,6.0,59.0,31.0,17.0,62.0,32.0,1006.8,1005.9,7.0,1.0,17.4,21.6,0,17.9
2024-06-05,13.1,21.4,0.2,6.2,9.1,35.0,15.0,7.0,64.0,41.0,1017.4,1016.8,1.0,1.0,15.3,20.8,0,17.25
2024-06-06,10.1,19.8,0.0,3.2,8.7,54.0,24.0,19.0,53.0,34.0,1022.5,1020.7,1.0,5.0,13.4,19.3,0,14.95
2024-06-07,7.9,18.1,0.0,5.4,8.3,33.0,22.0,7.0,62.0,34.0,1036.2,1034.9,4.0,1.0,9.4,17.6,0,13.0
2024-06-08,8.5,20.3,0.0,1.0,6.5,30.0,20.0,9.0,65.0,51.0,1039.0,1035.5,5.0,1.0,10.3,17.7,0,14.4
2024-06-09,9.9,21.2,0.0,2.2,9.6,41.747501086484135,15.0,6.0,80.0,42.0,1035.8,1031.6,1.0,4.0,11.6,20.9,0,15.55
2024-06-10,9.1,20.5,0.0,3.4,8.2,26.0,17.0,9.0,72.0,45.0,1033.4,1029.8,5.0,3.0,10.6,19.2,0,14.8
2024-06-11,10.2,22.2,0.0,2.2,9.6,30.0,13.0,11.0,81.0,42.0,1025.5,1019.3,1.0,1.0,12.9,21.2,0,16.2
2024-06-12,12.7,19.3,0.0,3.6,1.4,30.0,20.0,17.0,53.0,60.0,1017.7,1014.6,6.0,7.0,17.4,18.7,0,16.0
2024-06-13,14.7,21.1,5.0,3.6,3.4,31.0,6.0,4.0,90.0,64.0,1017.4,1015.4,7.0,6.0,15.4,20.7,1,17.9
2024-06-14,14.5,19.5,0.4,0.8,0.0,52.0,13.0,20.0,81.0,89.0,1017.2,1010.4,7.0,8.0,15.2,16.7,0,17.0
2024-06-15,15.0,20.4,38.8,2.2,3.5,52.0,9.0,22.0,76.0,52.0,999.5,994.2,6.0,6.0,16.2,17.9,1,17.7
2024-06-16,14.9,18.4,0.0,6.0,5.5,59.0,22.0,28.0,56.0,38.0,1003.3,1002.0,7.0,4.0,15.8,17.8,0,16.65
2024-06-17,12.8,19.7,0.0,4.4,9.0,50.0,17.0,28.0,60.0,34.0,1004.8,1005.0,2.0,1.0,15.0,19.3,0,16.25
2024-06-18,9.4,18.5,0.0,5.0,8.2,35.0,7.0,24.0,58.0,43.0,1012.6,1007.4,7.0,4.0,12.8,17.4,0,13.95
2024-06-19,12.7,16.3,0.0,3.8,6.5,69.0,13.0,43.0,52.0,33.0,1003.8,1003.2,5.0,3.0,15.8,14.4,0,14.5
2024-06-20,7.3,15.1,0.6,5.4,9.6,54.0,28.0,17.0,49.0,31.0,1018.1,1018.1,1.0,1.0,8.4,14.3,0,11.2
2024-06-21,5.6,15.3,0.0,3.6,5.2,39.0,20.0,7.0,61.0,45.0,1021.1,1017.0,6.0,7.0,7.4,13.7,0,10.45
2024-06-22,7.4,11.7,0.0,2.2,0.0,46.0,26.0,9.0,74.0,74.0,1015.3,1013.6,8.0,8.0,9.3,11.0,0,9.55
2024-06-23,7.7,17.3,2.4,1.4,8.9,46.0,31.0,13.0,57.0,36.0,1022.9,1023.1,1.0,1.0,9.6,16.9,1,12.5
2024-06-24,6.7,18.8,0.2,4.0,9.6,31.0,22.0,4.0,66.0,33.0,1028.4,1025.4,1.0,1.0,8.8,18.6,0,12.75
2024-06-25,5.4,16.5,0.0,1.8,7.18448484848485,44.0,11.0,24.0,78.0,33.0,1021.2,1015.1,1.0,7.0,7.7,14.5,0,10.95
2024-06-26,7.7,16.7,0.0,4.0,7.18448484848485,52.0,13.0,20.0,58.0,33.0,1015.7,1016.2,7.0,1.0,11.0,16.4,0,12.2
2024-06-27,8.2,18.2,0.0,2.8,9.5,37.0,24.0,17.0,62.0,36.0,1025.5,1023.2,1.0,1.0,10.1,17.8,0,13.2
2024-06-28,6.5,18.1,0.0,3.6,9.5,24.0,17.0,13.0,72.0,42.0,1026.6,1022.6,1.0,0.0,9.2,16.5,0,12.3
2024-06-29,6.4,15.6,0.0,3.4,7.5,22.0,13.0,6.0,77.0,58.0,1020.8,1016.2,5.0,7.0,7.6,14.4,0,11.0
2024-06-30,7.5,18.8,4.8,0.6,5.8,46.0,11.0,17.0,90.0,55.0,1011.9,1006.1,8.0,2.0,9.6,17.7,1,13.15
2024-07-01,9.5,17.7,0.2,4.4,4.8,61.0,22.0,31.0,54.0,47.0,1004.0,1003.0,6.0,6.0,12.9,15.9,0,13.6
2024-07-02,12.9,17.2,29.4,6.4,1.6,50.0,19.0,22.0,85.0,86.0,1015.4,1016.5,7.0,7.0,14.9,14.6,1,15.05
2024-07-03,12.4,15.6,22.4,5.18551301684533,0.0,28.0,17.0,7.0,92.0,80.0,1019.8,1018.4,8.0,8.0,12.7,15.5,1,14.0
2024-07-04,8.7,18.0,2.2,0.6,5.2,30.0,20.0,13.0,88.0,64.0,1023.5,1022.4,3.0,5.0,10.5,16.4,1,13.35
2024-07-05,10.5,17.9,1.0,1.8,7.3,30.0,13.0,15.0,90.0,69.0,1025.1,1021.3,3.0,3.0,11.9,16.7,0,14.2
2024-07-06,11.8,18.6,0.0,3.2,0.3,69.0,20.0,39.0,63.0,54.0,1015.2,1009.7,7.0,7.0,15.5,18.3,0,15.200000000000001
2024-07-07,14.8,20.2,0.2,1.2,7.8,54.0,15.0,33.0,41.0,26.0,1010.3,1007.1,6.0,7.0,16.6,18.7,0,17.5
2024-07-08,9.6,14.0,0.0,8.0,9.8,72.0,37.0,37.0,40.0,26.0,1017.3,1019.8,3.0,7.0,10.5,13.3,0,11.8
2024-07-09,6.7,17.0,0.0,5.2,9.6,50.0,30.0,20.0,54.0,27.0,1029.4,1025.9,7.0,2.0,8.6,16.4,0,11.85
2024-07-10,6.4,17.7,0.0,3.0,9.5,31.0,22.0,4.0,60.0,35.0,1030.3,1027.3,1.0,2.0,8.8,16.9,0,12.05
2024-07-11,6.9,18.9,0.0,1.8,4.7,28.0,19.0,15.0,71.0,65.0,1033.3,1030.2,2.0,7.0,9.3,17.1,0,12.899999999999999
2024-07-12,9.2,18.8,0.8,1.8,3.2,24.0,13.0,2.0,91.0,73.0,1031.2,1027.1,7.0,7.0,13.3,17.8,0,14.0
2024-07-13,11.0,24.2,0.0,1.2,8.9,30.0,9.0,15.0,92.0,45.0,1024.6,1019.8,1.0,0.0,11.5,23.9,0,17.6
2024-07-14,11.4,24.9,0.2,3.2,6.2,20.0,0.0,6.0,71.0,58.0,1021.7,1019.1,7.0,5.0,18.0,23.0,0,18.15
2024-07-15,16.5,16.9,17.0,2.4,0.0,35.0,9.0,13.0,91.0,90.0,1019.7,1018.4,8.0,8.0,16.7,16.2,1,16.7
2024-07-16,13.9,19.3,20.4,1.8,2.6,31.0,15.0,2.0,92.0,79.0,1019.9,1016.1,7.0,5.0,14.6,17.6,1,16.6
2024-07-17,13.1,25.7,0.0,0.2,7.4,52.0,30.0,30.0,66.0,44.0,1009.1,1001.0,6.0,4.0,19.3,25.1,0,19.4
2024-07-18,14.5,17.4,6.0,7.6,10.0,69.0,44.0,43.0,35.0,31.0,1004.3,1003.8,1.0,1.0,14.5,17.0,1,15.95
2024-07-19,7.8,14.3,0.0,4.0,5.4,46.0,22.0,15.0,50.0,39.0,1015.8,1012.1,7.0,2.0,8.7,13.6,0,11.05
2024-07-20,8.4,17.9,0.0,4.0,9.9,44.0,19.0,24.0,50.0,31.0,1012.7,1011.3,1.0,1.0,12.2,17.1,0,13.149999999999999
2024-07-21,10.2,17.9,0.0,4.8,9.9,39.0,6.0,9.0,52.0,47.0,1014.7,1012.8,1.0,1.0,14.0,17.7,0,14.049999999999999
2024-07-22,10.8,18.6,0.0,5.4,10.1,63.0,19.0,26.0,53.0,32.0,1012.2,1013.3,2.0,3.0,14.7,18.5,0,14.700000000000001
2024-07-23,8.8,19.4,0.0,4.0,10.1,48.0,19.0,11.0,57.0,34.0,1024.3,1020.5,1.0,0.0,11.1,19.0,0,14.1
2024-07-24,7.3,18.5,0.0,4.0,10.1,50.0,24.0,11.0,61.0,34.0,1023.0,1018.0,1.0,2.0,9.8,17.6,0,12.9
2024-07-25,8.7,19.8,0.0,4.2,10.0,33.0,26.0,9.0,63.0,50.0,1023.3,1020.2,1.0,3.0,10.4,17.9,0,14.25
2024-07-26,10.4,20.9,0.0,2.8,3.2,24.0,15.0,7.0,75.0,37.0,1018.0,1015.3,7.0,2.0,11.9,20.5,0,15.649999999999999
2024-07-27,10.9,18.4,0.0,2.2,0.7,22.0,6.0,6.0,66.0,54.0,1017.2,1013.0,6.0,8.0,13.3,17.0,0,14.649999999999999
2024-07-28,11.5,15.8,0.4,1.0,0.9,54.0,15.0,24.0,76.0,77.0,1013.7,1013.9,7.0,8.0,12.8,13.2,0,13.65
2024-07-29,10.7,14.6,24.8,2.6,0.2,63.0,31.0,24.0,77.0,89.0,1018.0,1017.7,8.0,8.0,13.6,12.6,1,12.649999999999999
2024-07-30,10.8,18.1,61.0,9.4,7.18448484848485,61.0,15.0,19.0,90.0,60.0,1024.3,1025.1,6.0,7.0,11.6,15.5,1,14.450000000000001
2024-07-31,9.7,16.2,4.0,3.2,2.7,35.0,20.0,17.0,90.0,67.0,1030.4,1028.3,6.0,6.0,11.2,14.7,1,12.95
2024-08-01,9.2,15.5,1.8,2.6,2.2,31.0,17.0,7.0,78.0,71.0,1029.0,1026.8,7.0,7.0,10.8,14.7,1,12.35
2024-08-02,10.3,16.4,0.6,0.6,2.6,33.0,15.0,7.0,80.0,64.0,1027.4,1024.7,7.0,6.0,12.4,15.9,0,13.35
2024-08-03,8.7,19.7,0.0,2.6,10.8,28.0,22.0,11.0,75.0,52.0,1026.4,1022.9,1.0,1.0,11.0,17.9,0,14.2
2024-08-04,8.1,19.1,0.0,2.0,6.9,28.0,17.0,11.0,73.0,52.0,1023.1,1017.9,5.0,7.0,11.0,18.8,0,13.600000000000001
2024-08-05,10.9,25.2,0.0,4.8,9.2,44.0,17.0,24.0,52.0,33.0,1015.6,1011.4,3.0,3.0,17.6,24.6,0,18.05
2024-08-06,11.2,20.3,0.0,6.2,10.6,46.0,17.0,22.0,48.0,30.0,1018.4,1017.0,1.0,1.0,14.0,19.6,0,15.75
2024-08-07,7.1,19.4,0.0,6.4,8.6,41.0,20.0,13.0,56.0,37.0,1024.4,1019.8,0.0,7.0,9.7,17.3,0,13.25
2024-08-08,8.3,20.3,0.0,3.2,10.6,41.0,24.0,19.0,49.0,31.0,1022.5,1020.2,1.0,2.0,12.4,19.8,0,14.3
2024-08-09,9.5,20.0,0.0,5.4,10.5,28.0,20.0,13.0,52.0,46.0,1027.7,1027.2,1.0,1.0,14.2,17.6,0,14.75
2024-08-10,8.9,19.6,0.0,3.2,10.1,30.0,17.0,17.0,72.0,54.0,1032.7,1029.7,1.0,1.0,12.0,19.2,0,14.25
2024-08-11,9.8,20.3,0.0,4.0,10.5,24.0,13.0,19.0,75.0,59.0,1031.0,1025.8,0.0,0.0,12.8,19.6,0,15.05
2024-08-12,10.6,24.2,0.0,3.8,10.2,24.0,15.0,11.0,63.0,35.0,1026.3,1022.1,1.0,6.0,14.2,22.7,0,17.4
2024-08-13,11.6,22.9,0.0,4.6,10.5,31.0,15.0,19.0,62.0,40.0,1024.5,1020.7,1.0,1.0,14.2,20.7,0,17.25
2024-08-14,11.2,24.3,0.0,5.18551301684533,10.0,48.0,11.0,24.0,66.0,37.0,1020.1,1013.9,0.0,6.0,14.2,22.4,0,17.75
2024-08-15,11.0,17.9,0.4,6.6,10.7,59.0,19.0,22.0,51.0,35.0,1015.3,1013.8,1.0,3.0,13.2,15.7,0,14.45
2024-08-16,8.2,20.4,0.0,5.2,10.7,39.0,24.0,9.0,48.0,32.0,1019.8,1016.4,1.0,1.0,12.5,19.9,0,14.299999999999999
2024-08-17,9.5,13.8,0.0,3.0,0.2,35.0,15.0,24.0,66.0,67.0,1016.8,1015.0,7.0,7.0,11.4,12.2,0,11.65
2024-08-18,8.5,18.4,1.8,0.6,6.8,37.0,19.0,20.0,69.0,57.0,1014.4,1013.5,1.0,7.0,11.9,15.4,1,13.45
2024-08-19,11.8,14.7,2.4,3.2,0.0,43.0,11.0,9.0,79.0,90.0,1013.3,1007.5,8.0,8.0,13.4,13.7,1,13.25
2024-08-20,9.0,17.3,52.8,5.2,6.7,48.0,22.0,15.0,67.0,48.0,1010.2,1010.6,7.0,3.0,11.4,15.7,1,13.15
2024-08-21,7.3,17.3,0.0,4.6,7.8,43.0,20.0,20.0,57.0,50.0,1018.7,1017.6,7.0,7.0,10.4,16.4,0,12.3
2024-08-22,7.4,19.9,1.4,2.8,10.7,33.0,24.0,15.0,57.0,45.0,1023.6,1020.3,1.0,1.0,11.3,17.7,1,13.649999999999999
2024-08-23,8.4,20.5,0.0,3.8,10.7,33.0,22.0,17.0,50.0,36.0,1022.9,1020.9,1.0,2.0,12.2,18.0,0,14.45
2024-08-24,8.4,19.6,0.0,4.0,6.1,22.0,17.0,9.0,57.0,38.0,1027.4,1025.0,7.0,7.0,12.9,18.1,0,14.0
2024-08-25,10.7,19.9,0.0,3.2,4.4,31.0,17.0,15.0,71.0,62.0,1026.9,1023.1,7.0,6.0,13.8,19.6,0,15.299999999999999
2024-08-26,13.6,23.6,0.0,5.18551301684533,2.3,54.0,20.0,39.0,61.0,53.0,1018.7,1013.9,7.0,7.0,18.8,21.2,0,18.6
2024-08-27,12.1,22.5,0.0,4.6,9.2,28.0,11.0,15.0,63.0,46.0,1020.3,1015.3,2.0,3.0,16.9,20.7,0,17.3
2024-08-28,14.5,18.0,14.4,6.2,0.0,31.0,6.0,9.0,90.0,91.0,1011.6,1006.0,8.0,8.0,15.7,15.9,1,16.25
2024-08-29,15.4,20.5,23.4,2.2,9.1,65.0,33.0,30.0,50.0,39.0,998.3,1004.3,4.0,5.0,17.6,20.1,1,17.95
2024-08-30,10.1,21.3,0.0,5.6,10.9,39.0,11.0,15.0,48.0,33.0,1021.6,1022.0,1.0,1.0,15.5,19.2,0,15.7
2024-08-31,10.0,21.2,0.0,3.4,11.1,26.0,20.0,19.0,55.0,54.0,1030.4,1027.1,0.0,0.0,14.1,19.0,0,15.6
2024-09-01,10.0,20.5,0.0,5.0,10.8,24.0,13.0,19.0,66.0,58.0,1030.4,1026.3,0.0,0.0,15.0,20.2,0,15.25
2024-09-02,12.2,22.0,0.0,3.2,8.2,30.0,13.0,17.0,82.0,55.0,1031.7,1029.3,6.0,3.0,16.0,21.0,0,17.1
2024-09-03,15.4,21.2,0.0,3.8,7.1,41.0,9.0,24.0,69.0,67.0,1029.7,1024.8,7.0,5.0,18.7,20.1,0,18.3
2024-09-04,14.7,22.7,0.0,5.0,8.9,52.0,6.0,22.0,61.0,60.0,1021.9,1015.9,6.0,4.0,19.5,21.2,0,18.7
2024-09-05,14.1,22.7,1.2,7.4,9.3,57.0,26.0,31.0,54.0,31.0,1012.7,1010.9,2.0,7.0,17.9,21.8,1,18.4
2024-09-06,13.0,21.0,0.0,6.2,8.7,33.0,17.0,17.0,44.0,53.0,1019.0,1017.1,1.0,6.0,16.8,17.6,0,17.0
2024-09-07,12.4,20.9,0.0,4.2,9.7,28.0,20.0,19.0,47.0,53.0,1021.5,1018.5,3.0,3.0,16.6,18.3,0,16.65
2024-09-08,16.0,20.2,0.0,5.6,1.5,30.0,15.0,9.0,73.0,69.0,1021.4,1017.8,8.0,7.0,17.5,18.9,0,18.1
2024-09-09,16.0,24.6,5.8,1.8,3.9,37.0,6.0,19.0,86.0,55.0,1014.1,1008.4,8.0,7.0,17.4,23.1,1,20.3
2024-09-10,14.1,22.1,0.0,6.6,8.1,41.747501086484135,41.0,35.0,35.0,31.0,1009.8,1007.5,1.0,7.0,17.4,20.9,0,18.1
2024-09-11,13.5,22.5,0.0,6.8,8.5,43.0,19.0,28.0,55.0,29.0,1016.5,1015.5,6.0,3.0,16.9,21.7,0,18.0
2024-09-12,10.7,22.4,0.0,5.4,8.8,37.0,6.0,19.0,52.0,44.0,1022.0,1018.0,1.0,7.0,17.5,19.2,0,16.549999999999997
2024-09-13,14.2,17.8,0.0,6.6,0.0,30.0,17.0,6.0,66.0,79.0,1012.6,1005.7,8.0,8.0,14.9,15.1,0,16.0
2024-09-14,13.1,21.4,13.4,1.0,10.1,59.0,30.0,28.0,53.0,38.0,1008.5,1008.7,1.0,1.0,17.7,20.6,1,17.25
2024-09-15,10.0,20.6,0.0,6.4,8.7,28.0,17.0,17.0,48.0,47.0,1018.9,1016.0,7.0,7.0,15.1,18.5,0,15.3
2024-09-16,14.0,21.2,0.0,4.8,2.9,31.0,9.0,15.0,61.0,78.0,1012.5,1007.5,7.0,8.0,16.0,16.8,0,17.6
2024-09-17,13.5,20.1,2.0,4.0,4.1,56.0,20.0,24.0,54.0,63.0,1006.9,1005.9,3.0,7.0,18.4,17.0,1,16.8
2024-09-18,15.2,22.0,0.6,3.0,8.2,61.0,17.0,24.0,55.0,48.0,1011.7,1010.7,6.0,2.0,17.3,21.5,0,18.6
2024-09-19,12.5,22.3,0.0,4.8,10.1,30.0,13.0,17.0,55.0,63.0,1012.6,1007.9,1.0,1.0,18.4,20.6,0,17.4
2024-09-20,13.6,22.1,3.4,5.2,2.1,41.0,15.0,15.0,74.0,75.0,1006.7,1006.1,7.0,7.0,15.5,16.3,1,17.85
2024-09-21,12.0,21.8,4.0,4.2,10.1,41.0,20.0,19.0,41.0,44.0,1013.0,1009.0,1.0,1.0,16.5,18.9,1,16.9
2024-09-22,10.9,23.2,0.0,6.2,9.7,61.0,20.0,26.0,37.0,22.0,1009.7,1006.8,2.0,2.0,18.6,20.6,0,17.05
2024-09-23,10.2,21.3,0.0,7.2,11.4,35.0,17.0,17.0,46.0,42.0,1014.7,1011.3,1.0,1.0,16.2,19.6,0,15.75
2024-09-24,14.2,22.8,1.4,5.4,4.2,56.0,11.0,22.0,76.0,50.0,1000.5,994.0,8.0,2.0,14.8,22.3,1,18.5
2024-09-25,12.3,20.1,0.4,7.2,8.6,67.0,28.0,39.0,42.0,40.0,999.1,998.3,6.0,3.0,16.1,17.3,0,16.200000000000003
2024-09-26,12.4,22.1,0.0,7.4,10.4,41.747501086484135,35.0,39.0,40.0,34.0,1005.0,1005.5,3.0,3.0,19.5,20.2,0,17.25
2024-09-27,12.5,24.7,0.0,8.0,11.1,41.0,7.0,20.0,44.0,45.0,1012.9,1008.3,0.0,0.0,18.4,22.7,0,18.6
2024-09-28,18.4,25.6,0.0,9.0,8.3,72.0,15.0,31.0,41.0,14.0,999.4,997.8,7.0,7.0,21.5,22.9,0,22.0
2024-09-29,12.7,23.4,0.0,10.2,11.1,70.0,17.0,43.0,34.0,25.0,1007.8,1003.7,1.0,1.0,17.5,23.0,0,18.049999999999997
2024-09-30,11.7,23.7,0.0,11.0,11.0,57.0,30.0,26.0,34.0,16.0,1016.4,1013.2,0.0,1.0,14.7,22.9,0,17.7
2024-10-01,13.0,27.8,0.0,7.6,11.1,48.0,7.0,30.0,34.0,20.0,1019.1,1017.0,4.0,8.0,19.9,27.2,0,20.4
2024-10-02,16.0,31.0,0.0,8.6,9.3,37.0,9.0,22.0,40.0,16.0,1021.0,1015.6,7.0,5.0,22.5,30.8,0,23.5
2024-10-03,20.1,22.2,0.2,10.0,7.4,54.0,28.0,30.0,63.0,50.0,1016.3,1017.6,6.0,5.0,21.0,20.1,0,21.15
2024-10-04,13.8,25.5,0.0,7.4,8.4,52.0,11.0,24.0,51.0,40.0,1022.9,1018.1,7.0,7.0,17.5,20.3,0,19.65
2024-10-05,16.8,33.6,0.0,8.4,6.6,41.747501086484135,9.0,28.0,37.0,24.0,1007.7,1004.1,6.0,7.0,25.3,31.8,0,25.200000000000003
2024-10-06,12.3,21.3,3.8,10.2,11.4,61.0,35.0,9.0,33.0,26.0,1013.2,1012.9,1.0,3.0,14.9,20.1,1,16.8
2024-10-07,10.7,23.6,0.0,6.6,9.3,39.0,26.0,24.0,45.0,32.0,1016.5,1012.5,1.0,5.0,14.3,20.7,0,17.15
2024-10-08,11.8,18.3,4.4,7.4,7.9,57.0,26.0,24.0,56.0,57.0,1021.2,1022.4,2.0,7.0,15.9,15.6,1,15.05
2024-10-09,9.0,21.3,0.2,8.2,11.6,30.0,17.0,19.0,50.0,37.0,1025.9,1023.2,1.0,1.0,15.1,19.4,0,15.15
2024-10-10,11.1,23.9,0.0,5.6,12.2,50.0,11.0,26.0,57.0,36.0,1023.1,1017.5,0.0,0.0,15.9,23.0,0,17.5
2024-10-11,15.9,29.0,0.0,10.0,11.0,56.0,22.0,28.0,31.0,37.0,1014.9,1008.7,0.0,1.0,23.1,25.4,0,22.45
2024-10-12,21.7,22.4,0.0,11.8,2.4,41.747501086484135,28.0,15.0,43.0,78.0,1005.8,1008.3,7.0,7.0,22.4,14.5,0,22.049999999999997
2024-10-13,11.5,25.8,3.0,3.0,12.2,48.0,19.0,26.0,39.0,23.0,1014.5,1010.8,1.0,3.0,18.3,25.5,1,18.65
2024-10-14,16.2,24.5,0.2,11.0,11.1,50.0,24.0,6.0,30.0,20.0,1017.9,1017.0,3.0,2.0,19.1,22.9,0,20.35
2024-10-15,16.4,21.6,0.0,8.0,10.3,44.0,19.0,26.0,47.0,47.0,1024.4,1021.4,6.0,5.0,19.0,20.4,0,19.0
2024-10-16,15.3,25.2,0.0,7.4,8.4,46.0,20.0,26.0,55.0,55.0,1018.9,1012.8,5.0,7.0,21.5,23.3,0,20.25
2024-10-17,16.1,18.0,11.8,8.4,4.1,57.0,15.0,22.0,84.0,69.0,1010.0,1010.1,7.0,7.0,17.0,16.4,1,17.05
2024-10-18,10.2,19.8,0.6,4.8,10.4,59.0,22.0,28.0,53.0,42.0,1018.3,1017.7,7.0,2.0,13.1,17.5,0,15.0
2024-10-19,10.2,21.5,0.8,5.8,12.4,37.0,15.0,22.0,45.0,33.0,1019.6,1016.7,1.0,1.0,15.0,19.8,0,15.85
2024-10-20,11.4,23.3,0.0,6.8,12.3,37.0,13.0,22.0,56.0,46.0,1018.9,1014.4,7.0,1.0,17.6,22.8,0,17.35
2024-10-21,14.3,27.0,0.0,7.8,8.5,26.0,11.0,20.0,52.0,34.0,1016.6,1013.0,7.0,7.0,18.7,25.8,0,20.65
2024-10-22,18.4,21.7,0.0,8.0,6.2,41.0,20.0,26.0,65.0,63.0,1015.9,1015.7,4.0,7.0,20.8,19.9,0,20.049999999999997
2024-10-23,14.7,19.6,1.4,4.6,0.5,30.0,19.0,7.0,73.0,57.0,1020.6,1018.5,8.0,8.0,15.4,19.1,1,17.15
2024-10-24,15.3,24.3,3.2,1.6,7.9,41.0,13.0,20.0,86.0,66.0,1020.1,1017.7,6.0,5.0,18.3,22.0,1,19.8
2024-10-25,18.2,25.5,0.2,7.0,4.6,50.0,9.0,11.0,65.0,61.0,1013.7,1006.5,7.0,8.0,23.0,25.3,0,21.85
2024-10-26,16.1,23.3,1.6,6.6,12.9,52.0,28.0,20.0,24.0,28.0,1011.0,1010.8,1.0,1.0,18.3,21.7,1,19.700000000000003
2024-10-27,12.1,24.5,0.0,10.6,12.1,33.0,17.0,20.0,31.0,37.0,1014.4,1010.0,4.0,1.0,16.8,20.9,0,18.3
2024-10-28,13.0,24.1,0.0,7.2,12.8,39.0,20.0,20.0,34.0,32.0,1014.6,1013.0,1.0,1.0,19.1,21.6,0,18.55
2024-10-29,13.6,25.2,0.0,7.4,12.2,37.0,11.0,26.0,57.0,50.0,1018.9,1014.8,1.0,1.0,19.7,23.7,0,19.4
2024-10-30,15.3,30.6,0.0,8.4,12.8,35.0,11.0,20.0,58.0,33.0,1014.8,1009.2,2.0,1.0,21.0,27.1,0,22.950000000000003
2024-10-31,21.0,25.7,0.0,13.4,12.4,76.0,20.0,28.0,21.0,16.0,1002.9,1006.2,1.0,1.0,25.7,24.9,0,23.35
2024-11-01,15.7,26.0,0.0,14.4,12.3,57.0,22.0,26.0,25.0,27.0,1009.1,1007.8,1.0,7.0,19.6,23.2,0,20.85
2024-11-02,14.8,28.1,0.0,7.6,12.4,44.0,13.0,24.0,34.0,46.0,1011.1,1006.4,2.0,1.0,22.6,25.5,0,21.450000000000003
2024-11-03,21.2,28.3,0.0,11.0,4.1,54.0,6.0,24.0,25.0,57.0,1007.3,1007.1,7.0,7.0,26.8,24.7,0,24.75
2024-11-04,17.8,22.7,2.0,5.2,2.5,37.0,13.0,19.0,72.0,67.0,1013.3,1009.8,7.0,7.0,20.1,21.3,1,20.25
2024-11-05,16.9,24.6,10.2,2.8,10.7,28.0,7.0,19.0,71.0,62.0,1009.4,1007.0,6.0,2.0,20.0,23.4,1,20.75
2024-11-06,17.8,24.3,0.0,7.0,11.1,33.0,9.0,20.0,68.0,59.0,1012.9,1009.9,5.0,1.0,20.2,22.6,0,21.05
2024-11-07,18.4,32.5,9.0,7.6,9.1,48.0,15.0,22.0,72.0,59.0,1002.5,996.9,7.0,3.0,22.1,26.4,1,25.45
2024-11-08,18.9,30.3,0.0,8.0,13.0,72.0,4.0,41.0,29.0,21.0,998.6,995.4,1.0,1.0,24.9,28.0,0,24.6
2024-11-09,17.4,24.4,0.0,15.8,7.0,56.0,33.0,28.0,40.0,52.0,1002.0,1004.5,3.0,7.0,20.5,20.3,0,20.9
2024-11-10,15.4,23.2,0.6,5.8,9.4,39.0,13.0,19.0,61.0,45.0,1016.1,1015.0,7.0,3.0,17.9,20.5,0,19.3
2024-11-11,14.3,25.2,0.0,5.2,12.7,39.0,13.0,22.0,54.0,52.0,1020.0,1021.3,0.0,3.0,19.9,22.0,0,19.75
2024-11-12,17.3,23.9,0.0,7.4,12.8,43.0,4.0,28.0,57.0,53.0,1025.6,1021.9,4.0,1.0,21.1,23.1,0,20.6
2024-11-13,16.4,31.4,0.0,9.2,12.1,37.0,13.0,11.0,52.0,36.0,1017.4,1013.5,1.0,2.0,23.0,30.0,0,23.9
2024-11-14,19.3,24.8,0.0,8.6,3.7,44.0,30.0,20.0,67.0,58.0,1018.3,1018.4,7.0,7.0,21.7,22.1,0,22.05
2024-11-15,19.1,25.1,0.0,6.0,8.5,33.0,13.0,26.0,58.0,55.0,1021.3,1018.2,4.0,7.0,22.3,23.2,0,22.1
2024-11-16,19.7,28.4,0.0,7.4,6.0,35.0,11.0,17.0,67.0,64.0,1018.4,1015.1,6.0,5.0,24.6,25.5,0,24.049999999999997
2024-11-17,21.0,31.0,0.0,8.0,9.7,46.0,15.0,24.0,51.0,54.0,1014.8,1012.1,1.0,3.0,26.6,26.2,0,26.0
2024-11-18,19.8,26.2,0.0,10.4,5.9,44.0,7.0,24.0,69.0,72.0,1010.2,1016.0144002425712,4.0,8.0,22.6,22.5,0,23.0
2024-11-19,13.5,23.4,5.4,6.6,13.1,52.0,22.0,26.0,42.0,39.0,1013.0,1011.8,1.0,1.0,18.3,21.8,1,18.45
2024-11-20,14.7,25.5,0.0,8.8,13.1,37.0,20.0,22.0,33.0,46.0,1012.8,1012.5,4.0,2.0,20.6,23.4,0,20.1
2024-11-21,18.1,24.4,0.0,8.0,12.3,46.0,7.0,24.0,55.0,53.0,1017.4,1013.7,3.0,1.0,22.3,23.9,0,21.25
2024-11-22,19.6,23.5,0.0,9.8,1.7,35.0,19.0,22.0,71.0,66.0,1017.8,1016.9,7.0,7.0,20.5,21.6,0,21.55
2024-11-23,20.3,26.1,0.0,6.0,8.1,37.0,15.0,28.0,71.0,63.0,1015.0,1010.4,6.0,1.0,22.8,25.5,0,23.200000000000003
2024-11-24,19.3,25.3,0.0,7.8,7.0,44.0,22.0,20.0,65.0,57.0,1011.8,1010.8,7.0,6.0,22.4,24.1,0,22.3
2024-11-25,18.2,25.2,0.0,6.4,4.4,50.0,6.0,31.0,61.0,57.0,1012.4,1008.8,7.0,2.0,22.4,24.2,0,21.7
2024-11-26,18.1,28.5,0.0,7.4,8.1,37.0,9.0,19.0,68.0,51.0,1008.0,1005.3,7.0,7.0,21.2,25.4,0,23.3
2024-11-27,18.7,35.7,0.2,6.0,9.8,57.0,13.0,17.0,44.0,24.0,1008.4,1007.7,3.0,5.0,25.6,30.9,0,27.200000000000003
2024-11-28,21.0,26.8,0.0,11.2,9.7,41.0,11.0,19.0,64.0,55.0,1016.0,1015.0,7.0,5.0,22.6,23.8,0,23.9
2024-11-29,19.7,26.9,0.0,8.0,9.3,39.0,6.0,26.0,64.0,60.0,1016.0,1013.1,7.0,7.0,23.0,25.1,0,23.299999999999997
2024-11-30,22.1,29.9,0.4,7.6,2.9,59.0,13.0,17.0,71.0,65.0,1009.6,1005.9,7.0,7.0,26.1,27.1,0,26.0
2024-12-01,20.4,23.6,3.2,7.0,0.0,33.0,15.0,7.0,86.0,83.0,1012.4,1010.6,8.0,8.0,20.6,22.2,1,22.0
2024-12-02,18.6,25.1,7.8,1.4,9.3,37.0,15.0,24.0,86.0,56.0,1015.2,1014.4,5.0,4.0,20.7,24.4,1,21.85
2024-12-03,20.2,27.9,0.2,8.0,12.2,56.0,9.0,26.0,60.0,61.0,1008.7,999.4,1.0,2.0,24.6,26.9,0,24.049999999999997
2024-12-04,18.1,27.8,0.4,13.6,13.4,72.0,44.0,31.0,35.0,14.0,1007.9,1009.9,1.0,1.0,20.2,26.4,0,22.950000000000003
2024-12-05,16.9,23.7,0.0,9.0,9.8,39.0,11.0,26.0,54.0,52.0,1022.5,1020.5,3.0,2.0,20.8,22.1,0,20.299999999999997
2024-12-06,20.0,26.3,0.0,9.0,11.4,41.0,13.0,28.0,57.0,56.0,1022.2,1020.4,3.0,1.0,23.6,24.3,0,23.15
2024-12-07,20.9,27.6,0.0,10.6,12.4,52.0,15.0,19.0,59.0,53.0,1022.6,1018.1,6.0,1.0,23.8,25.5,0,24.25
2024-12-08,20.7,37.8,0.0,10.2,11.4,44.0,9.0,15.0,49.0,36.0,1015.5,1011.1,3.0,5.0,27.5,31.1,0,29.25
2024-12-09,27.1,37.2,0.0,13.4,2.5,57.0,24.0,33.0,23.0,16.0,1008.5,1007.0,7.0,7.0,32.4,34.1,0,32.150000000000006
2024-12-10,17.4,19.1,8.2,8.8,0.0,46.0,17.0,15.0,88.0,81.0,1017.2,1017.4,8.0,8.0,17.7,17.7,1,18.25
2024-12-11,17.2,25.4,32.6,1.0,0.0,30.0,17.0,4.0,89.0,86.0,1013.3,1009.3,8.0,8.0,18.8,20.2,1,21.299999999999997
2024-12-12,18.5,33.7,10.4,1.4,12.7,70.0,2.0,19.0,67.0,27.0,1007.4,1005.2,3.0,4.0,25.4,32.4,1,26.1
2024-12-13,18.3,21.3,0.0,10.0,0.7,57.0,15.0,22.0,61.0,55.0,1018.8,1020.0,8.0,8.0,19.8,19.9,0,19.8
2024-12-14,17.7,22.9,0.0,7.8,7.1,44.0,13.0,24.0,49.0,47.0,1021.0,1017.5,6.0,3.0,20.8,21.4,0,20.299999999999997
2024-12-15,16.7,27.1,0.0,7.0,12.0,48.0,4.0,20.0,52.0,52.0,1010.4,1005.3,2.0,3.0,22.8,26.9,0,21.9
2024-12-16,18.6,26.7,0.0,10.0,10.4,52.0,15.0,28.0,64.0,50.0,1012.3,1012.2,3.0,2.0,22.8,25.0,0,22.65
2024-12-17,20.3,24.3,0.0,9.2,3.7,35.0,17.0,20.0,60.0,52.0,1019.4,1018.1,8.0,5.0,21.1,23.0,0,22.3
2024-12-18,20.8,24.4,0.0,7.6,7.9,48.0,20.0,28.0,56.0,56.0,1019.3,1016.6,5.0,2.0,23.0,23.8,0,22.6
2024-12-19,19.8,27.2,0.0,9.4,4.3,44.0,9.0,20.0,66.0,55.0,1015.7,1013.8,7.0,7.0,23.2,26.3,0,23.5
2024-12-20,19.1,27.4,1.6,4.6,12.8,48.0,4.0,26.0,64.0,55.0,1017.1,1015.5,3.0,3.0,23.9,26.8,1,23.25
2024-12-21,20.9,29.3,0.0,11.2,10.9,52.0,13.0,30.0,59.0,51.0,1014.7,1011.4,1.0,1.0,25.8,27.9,0,25.1
2024-12-22,21.8,29.6,0.0,11.2,6.0,43.0,17.0,19.0,66.0,60.0,1014.5,1013.3,7.0,7.0,25.7,27.5,0,25.700000000000003
2024-12-23,21.1,28.9,0.0,7.8,9.4,61.0,15.0,24.0,63.0,48.0,1013.0,1009.7,6.0,6.0,24.9,27.5,0,25.0
2024-12-24,22.6,36.6,0.0,10.4,4.8,28.0,15.0,22.0,49.0,30.0,1007.2,1004.4,7.0,6.0,28.1,31.8,0,29.6
2024-12-25,23.9,33.3,0.0,9.2,0.5,30.0,9.0,20.0,58.0,34.0,1003.6,1001.7,8.0,7.0,27.3,32.1,0,28.599999999999998
2024-12-26,24.1,30.0,0.0,8.2,4.8,37.0,17.0,24.0,57.0,62.0,1003.7,1003.4,6.0,7.0,27.7,26.4,0,27.05
2024-12-27,22.7,26.6,0.0,6.8,0.0,24.0,9.0,19.0,70.0,70.0,1007.4,1005.5,7.0,8.0,24.6,24.9,0,24.65
2024-12-28,21.2,26.3,0.4,3.4,3.5,56.0,26.0,28.0,71.0,54.0,1009.9,1011.8,7.0,5.0,22.1,24.8,0,23.75
2024-12-29,18.5,26.6,2.6,6.2,8.8,48.0,19.0,19.0,66.0,60.0,1018.5,1018.3,7.0,7.0,21.9,25.4,1,22.55
2024-12-30,20.1,25.9,1.2,7.8,5.6,31.0,22.0,22.0,53.0,45.0,1021.4,1020.0,7.0,7.0,24.0,23.7,1,23.0
2024-12-31,19.6,24.3,5.0,6.0,0.5,30.0,7.0,20.0,89.0,69.0,1019.0,1017.2,8.0,7.0,20.5,22.6,1,21.950000000000003
2025-01-01,19.9,26.5,8.8,3.8,4.8,35.0,15.0,22.0,86.0,57.0,1018.3,1017.5,7.0,6.0,20.0,25.3,1,23.2
2025-01-02,19.2,26.8,4.4,6.6,11.5,43.0,2.0,28.0,61.0,57.0,1018.4,1015.0,3.0,3.0,24.8,25.2,1,23.0
2025-01-03,19.7,28.5,0.0,10.4,11.7,54.0,11.0,20.0,52.0,52.0,1013.5,1010.0,2.0,6.0,25.1,27.5,0,24.1
2025-01-04,21.3,29.9,0.0,9.6,9.2,31.0,9.0,20.0,57.0,57.0,1011.5,1009.2,2.0,2.0,27.0,26.7,0,25.6
2025-01-05,22.6,31.3,0.4,8.2,8.8,31.0,9.0,17.0,73.0,49.0,1012.0,1008.1,7.0,4.0,24.8,30.5,0,26.950000000000003
2025-01-06,24.0,37.7,0.0,7.4,10.9,63.0,9.0,20.0,53.0,47.0,1007.6,1003.4,4.0,7.0,29.2,31.4,0,30.85
2025-01-07,22.3,28.4,0.0,9.4,7.2,31.0,7.0,20.0,68.0,52.0,1012.4,1010.7,7.0,2.0,24.7,26.8,0,25.35
2025-01-08,23.0,30.5,0.0,8.6,8.9,52.0,15.0,30.0,68.0,57.0,1008.9,1001.3,8.0,1.0,24.6,29.0,0,26.75
2025-01-09,24.6,32.5,0.0,10.6,7.1,35.0,2.0,22.0,59.0,52.0,1003.4,1003.2,8.0,1.0,28.7,29.2,0,28.55
2025-01-10,22.8,27.0,0.0,8.0,6.9,33.0,20.0,22.0,56.0,57.0,1015.1,1015.7,6.0,7.0,25.6,25.5,0,24.9
2025-01-11,21.7,27.2,0.0,7.2,12.1,52.0,22.0,28.0,55.0,57.0,1017.1,1013.9,3.0,0.0,26.2,26.3,0,24.45
2025-01-12,20.8,36.6,0.0,10.4,11.9,50.0,6.0,11.0,64.0,44.0,1013.6,1008.3,4.1679389312977095,2.0,25.3,32.6,0,28.700000000000003
2025-01-13,25.1,38.1,0.0,13.8,11.1,59.0,20.0,31.0,26.0,52.0,1005.4,1006.8,1.0,2.0,36.5,30.1,0,31.6
2025-01-14,20.1,24.5,0.0,12.6,0.0,41.0,20.0,19.0,61.0,53.0,1015.3,1013.7,8.0,8.0,21.5,22.7,0,22.3
2025-01-15,19.0,29.2,0.0,5.8,2.6,65.0,22.0,28.0,62.0,68.0,1001.1,994.3,7.0,7.0,24.1,28.3,0,24.1
2025-01-16,20.8,27.4,7.8,6.2,9.7,48.0,22.0,20.0,49.0,42.0,1010.5,1012.2,7.0,1.0,22.2,26.6,1,24.1
2025-01-17,20.4,26.5,0.0,9.1,10.7,39.0,4.0,22.0,50.0,50.0,1017.9,1015.8,1.0,4.0,23.8,26.0,0,23.45
2025-01-18,21.5,32.6,0.0,9.6,12.1,56.0,17.0,20.0,60.0,51.0,1014.9,1010.1,3.0,1.0,25.5,28.6,0,27.05
2025-01-19,24.5,37.0,0.0,12.0,2.6,69.0,11.0,20.0,34.0,33.0,1007.4,1008.4,6.0,7.0,32.6,35.0,0,30.75
2025-01-20,20.6,24.3,17.8,10.2,0.3,35.0,13.0,11.0,68.0,62.0,1020.5,1018.0,7.0,8.0,21.7,23.3,1,22.450000000000003
2025-01-21,20.7,25.5,0.0,2.8,0.4,31.0,11.0,13.0,70.0,64.0,1015.9,1014.9,8.0,6.0,22.6,24.9,0,23.1
2025-01-22,20.4,27.1,0.0,4.2,6.0,31.0,13.0,15.0,67.0,57.0,1018.5,1016.9,7.0,4.0,21.7,25.7,0,23.75
2025-01-23,20.4,29.7,0.0,5.4,12.2,48.0,2.0,17.0,63.0,59.0,1015.9,1012.2,1.0,1.0,26.4,28.1,0,25.049999999999997
2025-01-24,22.3,30.2,0.0,11.4,6.8,31.0,13.0,19.0,74.0,56.0,1016.8,1015.4,7.0,6.0,24.5,28.9,0,26.25
2025-01-25,23.1,34.3,0.0,6.0,12.0,56.0,13.0,17.0,67.0,54.0,1012.5,1008.0,1.0,3.0,27.9,30.3,0,28.7
2025-01-26,25.4,39.4,0.0,11.8,4.8,57.0,7.0,33.0,36.0,58.0,1008.1,1009.7,7.0,7.0,33.2,29.2,0,32.4
2025-01-27,20.3,23.6,1.2,9.2,0.0,33.0,6.0,9.0,83.0,79.0,1016.1,1012.7,8.0,8.0,21.1,22.4,1,21.950000000000003
2025-01-28,20.8,27.1,4.4,0.0,6.0,50.0,30.0,22.0,70.0,56.0,1013.2,1013.9,7.0,7.0,23.1,25.4,1,23.950000000000003
2025-01-29,22.3,26.4,0.0,6.6,0.1,24.0,11.0,17.0,79.0,63.0,1015.5,1013.5,8.0,8.0,22.8,26.1,0,24.35
2025-01-30,22.7,30.4,0.0,4.4,7.2,35.0,4.0,17.0,78.0,65.0,1013.9,1010.4,8.0,5.0,26.0,28.1,0,26.549999999999997
2025-01-31,25.8,34.9,0.0,9.6,7.0,41.0,4.0,6.0,50.0,41.0,1010.4,1007.3,7.0,7.0,29.5,34.1,0,30.35
2025-02-01,26.2,34.7,0.0,11.8,10.9,48.0,19.0,19.0,55.0,44.0,1011.3,1009.3,1.0,1.0,29.6,33.9,0,30.450000000000003
2025-02-02,22.1,24.9,6.4,8.2,1.3,41.747501086484135,24.0,19.0,88.0,89.0,1017.6,1018.7,8.0,7.0,22.2,21.0,1,23.5
2025-02-03,20.7,27.0,85.0,3.4,5.9,46.0,37.0,19.0,79.0,85.0,1022.1,1021.8,7.0,7.0,24.6,23.1,1,23.85
2025-02-04,22.5,30.9,5.4,5.2,11.8,54.0,17.0,20.0,72.0,55.0,1018.6,1013.0,3.0,1.0,25.7,29.7,1,26.7
2025-02-05,23.7,37.5,0.0,10.0,12.0,44.0,7.0,17.0,61.0,35.0,1010.4,1006.4,6.0,2.0,27.4,36.2,0,30.6
2025-02-06,23.9,36.2,0.0,11.0,11.4,63.0,9.0,19.0,72.0,51.0,1007.8,1002.7,5.0,3.0,26.4,33.1,0,30.05
2025-02-07,24.5,31.9,0.0,10.4,7.8,59.0,2.0,33.0,67.0,59.0,1000.5,998.0,1.0,7.0,28.1,28.1,0,28.2
2025-02-08,17.8,27.3,0.0,7.0,12.8,37.0,19.0,22.0,29.0,32.0,1008.1,1007.3,1.0,1.0,21.9,26.9,0,22.55
2025-02-09,21.6,24.0,0.0,9.0,1.9,44.0,17.0,24.0,68.0,73.0,1015.0,1015.9,4.1679389312977095,6.0,22.3,21.2,0,22.8
2025-02-10,18.0,26.1,25.6,1.2,10.1,37.0,7.0,17.0,66.0,52.0,1017.4,1013.6,4.0,2.0,21.3,26.1,1,22.05
2025-02-11,19.5,30.0,0.0,8.0,11.1,54.0,6.0,24.0,63.0,51.0,1012.1,1009.0,1.0,1.0,23.4,28.8,0,24.75
2025-02-12,22.6,29.9,0.0,11.2,6.6,70.0,9.0,9.0,66.0,59.0,1009.8,1005.7,4.0,7.0,26.6,26.8,0,26.25
2025-02-13,21.8,29.4,8.0,5.4,7.0,41.0,17.0,20.0,79.0,58.0,1007.1,1004.9,3.0,2.0,22.9,28.8,1,25.6
2025-02-14,18.6,26.1,3.2,6.4,7.9,48.0,17.0,19.0,69.0,48.0,1008.7,1006.1,5.0,2.0,19.7,25.0,1,22.35
2025-02-15,17.5,28.3,0.6,8.0,12.5,63.0,35.0,19.0,32.0,18.0,1010.5,1009.6,0.0,0.0,19.9,27.5,0,22.9
2025-02-16,16.9,27.6,0.0,10.4,11.7,33.0,17.0,19.0,41.0,36.0,1019.7,1018.5,6.0,2.0,19.4,26.3,0,22.25
2025-02-17,19.3,27.7,0.0,7.0,12.2,48.0,15.0,22.0,50.0,47.0,1021.6,1018.5,2.0,1.0,25.8,26.2,0,23.5
2025-02-18,21.6,28.1,0.0,11.6,11.5,46.0,17.0,22.0,55.0,52.0,1019.8,1017.2,1.0,1.0,25.4,27.3,0,24.85
2025-02-19,21.8,28.0,0.0,10.6,5.7,31.0,7.0,15.0,69.0,56.0,1020.8,1018.6,8.0,7.0,24.5,27.3,0,24.9
2025-02-20,18.6,20.8,7.8,4.4,0.0,44.0,19.0,19.0,89.0,87.0,1020.5,1020.1,8.0,8.0,18.7,19.0,1,19.700000000000003
2025-02-21,18.3,25.5,28.6,5.8,5.3,48.0,15.0,24.0,67.0,54.0,1021.8,1021.8,6.0,3.0,20.7,24.3,1,21.9
2025-02-22,18.7,26.6,26.4,7.6,7.5,44.0,19.0,24.0,60.0,47.0,1024.0,1022.8,7.0,3.0,23.3,25.6,1,22.65
2025-02-23,20.7,26.7,2.6,5.6,9.2,48.0,19.0,17.0,63.0,61.0,1022.7,1021.4,6.0,6.0,25.1,26.4,1,23.7
2025-02-24,20.6,27.2,26.4,7.2,2.2,43.0,9.0,22.0,87.0,67.0,1021.0,1019.4,6.0,7.0,21.4,25.0,1,23.9
2025-02-25,20.5,26.3,3.2,3.6,7.6,26.0,13.0,15.0,81.0,69.0,1018.1,1016.0,3.0,5.0,23.0,25.0,1,23.4
2025-02-26,20.7,24.8,37.8,5.2,1.4,63.0,6.0,17.0,89.0,85.0,1016.9,1016.0,7.0,8.0,21.7,22.2,1,22.75
2025-02-27,19.9,23.3,27.6,4.0,0.2,54.0,19.0,20.0,87.0,86.0,1015.2,1013.1,7.0,7.0,21.5,20.9,1,21.6
2025-02-28,20.1,23.0,7.6,2.4,0.0,56.0,20.0,24.0,78.0,76.0,1010.2,1009.6,7.0,7.0,20.4,22.1,1,21.55
2025-03-01,19.6,25.7,2.4,4.0,7.7,65.0,19.0,33.0,63.0,49.0,1012.8,1013.2,5.0,3.0,20.5,25.5,1,22.65
2025-03-02,18.8,23.2,0.0,9.4,3.6,54.0,13.0,30.0,73.0,62.0,1017.6,1017.7,7.0,7.0,19.3,21.7,0,21.0
2025-03-03,16.9,23.5,5.0,8.8,1.4,46.0,17.0,20.0,67.0,56.0,1018.5,1017.4,8.0,8.0,19.9,22.0,1,20.2
2025-03-04,17.9,25.1,1.0,5.4,2.7,43.0,15.0,31.0,69.0,54.0,1017.0,1016.0,7.0,7.0,20.3,23.3,0,21.5
2025-03-05,17.3,25.8,0.6,5.4,7.4,44.0,17.0,24.0,73.0,51.0,1015.1,1014.0,3.0,3.0,19.3,25.1,0,21.55
2025-03-06,16.9,26.1,0.2,5.0,10.7,31.0,17.0,20.0,61.0,47.0,1014.2,1012.3,5.0,2.0,20.1,25.5,0,21.5
2025-03-07,17.4,26.4,0.0,7.2,10.6,46.0,9.0,28.0,62.0,50.0,1010.6,1007.7,1.0,1.0,22.3,26.0,0,21.9
2025-03-08,22.2,27.4,0.0,7.2,6.2,56.0,7.0,19.0,68.0,63.0,1011.1,1012.4,6.0,6.0,23.7,27.0,0,24.799999999999997
2025-03-09,22.6,25.9,0.4,7.6,0.5,44.0,20.0,24.0,71.0,67.0,1019.2,1020.2,7.0,8.0,23.9,21.4,0,24.25
2025-03-10,19.8,25.9,38.0,5.18551301684533,5.5,54.0,30.0,31.0,76.0,67.0,1020.6,1018.7,7.0,6.0,22.9,24.8,1,22.85
2025-03-11,21.9,24.9,2.6,7.6,1.0,56.0,26.0,24.0,84.0,85.0,1013.2,1009.0,8.0,7.0,23.1,24.5,1,23.4
2025-03-12,20.0,22.7,20.0,3.0,1.3,59.0,26.0,35.0,83.0,81.0,1018.4,1020.6,8.0,8.0,20.3,20.5,1,21.35
2025-03-13,19.3,25.8,45.8,2.8,3.6,65.0,24.0,22.0,88.0,79.0,1022.9,1022.2,8.0,7.0,21.8,24.1,1,22.55
2025-03-14,21.6,26.2,4.2,5.18551301684533,5.5,57.0,28.0,24.0,86.0,76.0,1020.3,1017.9,7.0,7.0,23.7,25.3,1,23.9
2025-03-15,23.7,27.9,0.2,8.4,4.4,39.0,11.0,20.0,74.0,66.0,1018.5,1015.6,7.0,7.0,25.8,26.9,0,25.799999999999997
2025-03-16,23.3,27.1,0.0,5.2,1.5,30.0,11.0,17.0,77.0,72.0,1015.7,1012.6,7.0,6.0,24.5,26.0,0,25.200000000000003
2025-03-17,22.3,31.9,25.6,6.0,4.4,63.0,4.0,19.0,82.0,57.0,1012.6,1010.7,7.0,6.0,23.9,29.8,1,27.1
2025-03-18,20.7,23.3,18.2,5.18551301684533,0.2,41.0,19.0,20.0,72.0,71.0,1018.5,1017.4,7.0,8.0,21.5,22.2,1,22.0
2025-03-19,18.5,24.1,10.2,7.8,5.5,41.0,13.0,20.0,85.0,70.0,1019.9,1019.1,2.0,7.0,20.4,21.7,1,21.3
2025-03-20,19.2,24.5,4.8,3.2,4.9,26.0,11.0,13.0,81.0,58.0,1017.8,1014.1,6.0,7.0,20.2,24.2,1,21.85
2025-03-21,18.9,26.5,0.0,3.0,11.0,28.0,13.0,19.0,74.0,66.0,1015.9,1014.7,1.0,2.0,21.3,26.0,0,22.7
2025-03-22,19.2,27.0,0.0,5.8,11.0,41.0,11.0,22.0,76.0,62.0,1017.1,1012.3,1.0,1.0,21.8,26.0,0,23.1
2025-03-23,21.2,23.8,0.0,7.4,0.0,54.0,19.0,11.0,76.0,69.0,1013.9,1012.4,7.0,8.0,21.8,23.6,0,22.5
2025-03-24,21.4,28.8,0.0,2.4,8.4,30.0,2.0,22.0,84.0,71.0,1012.3,1007.4,8.0,1.0,22.5,27.0,0,25.1
2025-03-25,22.5,26.0,2.4,7.4,0.0,69.0,19.0,28.0,70.0,88.0,1007.0,1007.7,8.0,8.0,25.2,19.2,1,24.25
2025-03-26,15.3,22.6,42.4,5.18551301684533,9.9,54.0,20.0,28.0,56.0,53.0,1016.4,1015.6,4.0,2.0,16.9,21.6,1,18.950000000000003
2025-03-27,14.5,25.6,0.0,5.18551301684533,10.7,35.0,17.0,17.0,63.0,48.0,1018.2,1016.6,1.0,2.0,17.1,22.5,0,20.05
2025-03-28,17.0,22.0,0.0,5.18551301684533,5.8,50.0,15.0,22.0,66.0,59.0,1025.1,1024.7,6.0,6.0,19.8,20.1,0,19.5
2025-03-29,14.8,22.0,33.8,4.2,1.5,50.0,19.0,24.0,90.0,49.0,1028.4,1026.3,8.0,7.0,15.7,21.8,1,18.4
2025-03-30,14.9,22.8,7.8,0.4,6.4,41.0,15.0,20.0,78.0,60.0,1028.1,1026.3,3.0,6.0,17.9,20.7,1,18.85
2025-03-31,14.1,23.3,0.4,5.4,10.2,37.0,9.0,22.0,72.0,45.0,1026.1,1023.3,3.0,3.0,18.1,22.9,0,18.7
2025-04-01,13.2,23.4,0.2,6.0,8.7,24.0,17.0,15.0,69.0,42.0,1026.2,1023.9,2.0,3.0,17.1,23.2,0,18.299999999999997
2025-04-02,14.1,23.8,0.0,3.4,10.6,28.0,11.0,13.0,69.0,41.0,1028.4,1025.7,2.0,2.0,18.7,23.7,0,18.95
2025-04-03,14.9,24.9,0.0,5.0,9.8,37.0,13.0,20.0,68.0,49.0,1026.2,1021.4,4.0,4.0,18.4,23.1,0,19.9
2025-04-04,15.5,28.7,0.0,7.0,9.6,67.0,7.0,20.0,62.0,35.0,1015.3,1007.1,1.0,4.0,20.1,27.9,0,22.1
2025-04-05,11.7,17.9,8.8,7.8,6.1,54.0,26.0,26.0,51.0,56.0,1009.3,1008.5,7.0,7.0,13.9,15.7,1,14.799999999999999
2025-04-06,13.8,23.0,0.0,3.6,2.1,54.0,22.0,26.0,56.0,48.0,1017.2,1017.3,7.0,7.0,17.9,22.2,0,18.4
2025-04-07,15.0,22.7,9.4,4.2,2.8,43.0,19.0,17.0,71.0,75.0,1023.7,1022.2,7.0,7.0,17.4,20.2,1,18.85
2025-04-08,15.3,23.6,19.8,2.4,9.2,31.0,17.0,20.0,80.0,51.0,1023.8,1020.9,4.0,3.0,17.3,22.6,1,19.450000000000003
2025-04-09,13.9,24.7,0.0,4.0,10.8,26.0,11.0,15.0,69.0,41.0,1022.1,1019.3,1.0,1.0,17.2,23.5,0,19.3
2025-04-10,13.2,23.8,0.0,5.2,9.8,26.0,13.0,17.0,72.0,55.0,1021.0,1018.7,1.0,4.0,16.5,22.0,0,18.5
2025-04-11,15.2,26.9,0.0,4.4,8.1,39.0,13.0,9.0,75.0,30.0,1020.0,1017.4,3.0,5.0,18.2,26.2,0,21.049999999999997
2025-04-12,14.2,24.1,0.0,3.0,8.9,24.0,15.0,13.0,68.0,55.0,1024.4,1022.1,2.0,2.0,17.4,22.3,0,19.15
2025-04-13,16.0,24.3,0.0,4.0,9.3,24.0,15.0,17.0,73.0,55.0,1027.0,1025.3,1.0,1.0,19.2,23.0,0,20.15
2025-04-14,15.2,24.9,0.0,4.6,6.1,30.0,17.0,15.0,72.0,63.0,1030.6,1028.1,3.0,6.0,17.7,22.3,0,20.049999999999997
2025-04-15,16.2,24.0,0.2,3.8,9.9,30.0,9.0,20.0,83.0,48.0,1030.3,1027.5,4.0,2.0,19.0,23.0,0,20.1
2025-04-16,14.4,23.9,0.0,4.0,7.2,26.0,15.0,17.0,68.0,58.0,1028.4,1024.8,5.0,6.0,17.9,22.4,0,19.15
2025-04-17,17.7,24.1,0.0,4.2,3.5,19.0,2.0,15.0,68.0,60.0,1025.9,1022.2,7.0,5.0,19.9,22.5,0,20.9
2025-04-18,15.9,26.7,0.0,3.6,9.5,22.0,11.0,17.0,74.0,58.0,1024.1,1020.9,1.0,2.0,18.5,23.6,0,21.3
2025-04-19,15.7,23.9,0.0,3.0,10.0,24.0,15.0,17.0,74.0,61.0,1022.7,1018.4,1.0,3.0,18.2,22.7,0,19.799999999999997
2025-04-20,18.2,26.7,0.0,4.4,3.0,39.0,4.0,22.0,69.0,65.0,1014.0,1008.8,7.0,7.0,20.6,21.9,0,22.45
2025-04-21,16.9,24.8,1.8,4.6,7.9,67.0,13.0,41.0,55.0,43.0,1018.3428571428572,1003.9,1.0,7.0,20.2,18.1,1,20.85
2025-04-22,12.1,20.0,0.4,7.0,8.2,46.0,22.0,24.0,46.0,45.0,1015.8,1015.2,2.0,4.0,13.1,18.5,0,16.05
2025-04-23,10.2,21.8,0.0,5.0,10.4,44.0,22.0,13.0,51.0,39.0,1022.7,1020.3,1.0,5.0,13.5,20.1,0,16.0
2025-04-24,10.8,22.7,0.0,3.6,10.5,31.0,24.0,13.0,60.0,51.0,1020.8,1018.2,1.0,3.0,14.0,21.2,0,16.75
2025-04-25,14.0,22.6,0.0,3.0,7.8,28.0,15.0,13.0,66.0,59.0,1023.0,1020.9,7.0,4.0,17.2,20.5,0,18.3
2025-04-26,13.2,25.6,0.0,4.0,9.5,30.0,11.0,19.0,78.0,40.0,1019.5,1014.9,5.0,5.0,15.9,24.2,0,19.4
2025-04-27,14.6,23.9,0.0,5.0,8.4,39.0,17.0,15.0,65.0,33.0,1017.5,1016.0,3.0,6.0,17.2,23.2,0,19.25
2025-04-28,14.9,18.4,1.4,5.0,3.4,43.0,17.0,15.0,61.0,67.0,1027.0,1027.3,6.0,8.0,16.9,16.3,1,16.65
2025-04-29,11.8,20.0,3.8,3.8,3.3,24.0,13.0,13.0,78.0,45.0,1031.6,1029.4,6.0,7.0,14.7,19.5,1,15.9
2025-04-30,12.7,21.6,0.4,2.4,8.5,26.0,15.0,20.0,74.0,54.0,1031.2,1027.8,1.0,1.0,15.1,20.5,0,17.15
2025-05-01,12.7,26.2,0.0,4.0,8.4,43.0,11.0,13.0,77.0,39.0,1025.9,1021.1,7.0,6.0,14.8,25.2,0,19.45
2025-05-02,14.6,22.2,0.2,4.0,10.0,50.0,22.0,13.0,47.0,25.0,1023.6,1023.2,1.0,1.0,17.2,21.1,0,18.4
2025-05-03,10.2,20.1,0.0,5.18551301684533,9.9,33.0,22.0,20.0,49.0,41.0,1027.9,1025.1,2.0,1.0,12.2,18.9,0,15.15
2025-05-04,10.7,21.0,0.0,9.6,7.5,31.0,19.0,13.0,67.0,45.0,1026.9,1024.0,5.0,1.0,13.3,19.8,0,15.85
2025-05-05,10.5,21.7,0.0,3.4,10.0,37.0,20.0,13.0,70.0,52.0,1025.1,1021.9,1.0,1.0,13.3,20.3,0,16.1
2025-05-06,10.9,22.1,0.0,2.0,8.5,30.0,24.0,19.0,73.0,56.0,1024.7,1022.9,1.0,7.0,13.4,19.7,0,16.5
2025-05-07,12.5,19.6,0.4,2.6,1.7,26.0,19.0,17.0,78.0,71.0,1027.0,1024.5,7.0,7.0,14.1,18.5,0,16.05
2025-05-08,14.0,21.3,3.2,0.6,7.3,28.0,11.0,17.0,86.0,67.0,1024.9,1021.7,1.0,7.0,15.8,20.1,1,17.65
2025-05-09,14.7,18.7,0.0,4.0,0.3,26.0,7.0,9.0,89.0,74.0,1021.9,1019.2,7.0,7.0,16.3,18.1,0,16.7
2025-05-10,13.1,20.8,5.2,1.6,5.5,43.0,20.0,20.0,75.0,49.0,1017.1,1014.0,7.0,1.0,14.6,20.2,1,16.95
2025-05-11,11.1,21.9,0.0,3.0,9.9,33.0,19.0,11.0,59.0,39.0,1017.9,1016.5,1.0,1.0,14.4,20.3,0,16.5
2025-05-12,9.8,20.2,0.0,3.4,9.5,28.0,17.0,17.0,72.0,52.0,1023.4,1021.3,1.0,2.0,12.7,19.6,0,15.0
2025-05-13,12.6,21.5,0.0,3.6,6.4,33.0,15.0,22.0,79.0,62.0,1027.0,1024.7,7.0,4.0,14.8,20.2,0,17.05
2025-05-14,14.8,20.4,0.0,1.4,0.5,43.0,11.0,17.0,78.0,72.0,1025.3,1020.9,7.0,7.0,19.5,20.2,0,17.6
2025-05-15,16.7,23.2,14.6,1.0,5.4,35.0,11.0,9.0,86.0,58.0,1017.9,1015.4,8.0,3.0,17.5,22.8,1,19.95
2025-05-16,13.8,23.5,0.0,4.0,9.2,30.0,22.0,17.0,69.0,49.0,1021.0,1019.3,2.0,1.0,15.7,21.9,0,18.65
